,REG_DATE,P_TYPE,CTRY_1,CTRY_2,P_PURPOSE,CATEGORY_1,CATEGORY_2,P_NAME,P_IMPORT_TYPE,P_PRICE,date_m,date_y,date,WEIGHT(KG),TOTAL_PRICE,temp
0,2015-12-28,수산물,노르웨이,노르웨이,판매용,어류,연어,연어,냉장,8.844281260608142,2015-12,2015,2015-12-28,151136.0,1318938.0,8.332377000000001
1,2016-01-04,수산물,노르웨이,노르웨이,자사제품제조용,어류,연어,연어,냉장,8.96624071835607,2016-01,2016,2016-01-04,136245.0,1219485.0,7.9954529999999995
2,2016-01-04,수산물,노르웨이,노르웨이,판매용,어류,연어,연어,냉장,9.519694654556613,2016-01,2016,2016-01-04,136245.0,1219485.0,7.9954529999999995
3,2016-01-11,수산물,노르웨이,노르웨이,자사제품제조용,어류,연어,연어,냉장,8.846151029077859,2016-01,2016,2016-01-11,187044.0,1622635.0,6.814752599999999
4,2016-01-11,수산물,노르웨이,노르웨이,판매용,어류,연어,연어,냉장,9.374626499543377,2016-01,2016,2016-01-11,187044.0,1622635.0,6.814752599999999
5,2016-01-18,수산물,노르웨이,노르웨이,자사제품제조용,어류,연어,연어,냉장,8.218035974720467,2016-01,2016,2016-01-18,110058.0,1151799.0,6.699026600000001
6,2016-01-18,수산물,노르웨이,노르웨이,판매용,어류,연어,연어,냉장,10.018472285320119,2016-01,2016,2016-01-18,110058.0,1151799.0,6.699026600000001
7,2016-01-25,수산물,노르웨이,노르웨이,판매용,어류,연어,연어,냉장,8.891171101818966,2016-01,2016,2016-01-25,77645.0,719721.0,6.539354
8,2016-02-01,수산물,노르웨이,노르웨이,자사제품제조용,어류,연어,연어,냉장,8.192024273948851,2016-02,2016,2016-02-01,58596.0,602046.0,6.533494
9,2016-02-01,수산물,노르웨이,노르웨이,판매용,어류,연어,연어,냉장,8.983761152775237,2016-02,2016,2016-02-01,58596.0,602046.0,6.533494
10,2016-02-15,수산물,노르웨이,노르웨이,자사제품제조용,어류,연어,연어,냉장,9.40148588410104,2016-02,2016,2016-02-15,90876.0,807008.0,6.2266
11,2016-02-15,수산물,노르웨이,노르웨이,판매용,어류,연어,연어,냉장,9.206088807073117,2016-02,2016,2016-02-15,90876.0,807008.0,6.2266
12,2016-02-22,수산물,캐나다,캐나다,판매용,어류,연어,연어,냉장,9.521968365553603,2016-02,2016,2016-02-22,857.0,0.0,5.166021
13,2016-02-22,수산물,노르웨이,노르웨이,자사제품제조용,어류,연어,연어,냉장,9.50143909458998,2016-02,2016,2016-02-22,114581.0,1092399.0,6.546678
14,2016-02-22,수산물,노르웨이,노르웨이,판매용,어류,연어,연어,냉장,9.687843139645832,2016-02,2016,2016-02-22,114581.0,1092399.0,6.546678
15,2016-02-29,수산물,노르웨이,노르웨이,자사제품제조용,어류,연어,연어,냉장,9.899626992200746,2016-02,2016,2016-02-29,94232.0,935861.0,6.4185004
16,2016-02-29,수산물,노르웨이,노르웨이,판매용,어류,연어,연어,냉장,10.378350957974012,2016-02,2016,2016-02-29,94232.0,935861.0,6.4185004
17,2016-03-07,수산물,노르웨이,노르웨이,자사제품제조용,어류,연어,연어,냉장,9.840019569471623,2016-03,2016,2016-03-07,116023.0,1154598.0,6.277871
18,2016-03-07,수산물,노르웨이,노르웨이,판매용,어류,연어,연어,냉장,9.739229285219212,2016-03,2016,2016-03-07,116023.0,1154598.0,6.277871
19,2016-03-14,수산물,노르웨이,노르웨이,자사제품제조용,어류,연어,연어,냉장,9.473436211567911,2016-03,2016,2016-03-14,85645.0,803980.0,6.031769799999999
20,2016-03-14,수산물,노르웨이,노르웨이,판매용,어류,연어,연어,냉장,9.544657209126706,2016-03,2016,2016-03-14,85645.0,803980.0,6.031769799999999
21,2016-03-21,수산물,캐나다,캐나다,판매용,어류,연어,연어,냉장,9.20885757423251,2016-03,2016,2016-03-21,1710.0,0.0,4.0629597
22,2016-03-21,수산물,노르웨이,노르웨이,자사제품제조용,어류,연어,연어,냉장,10.26565448618974,2016-03,2016,2016-03-21,101005.0,986223.0,6.263222
23,2016-03-21,수산물,노르웨이,노르웨이,판매용,어류,연어,연어,냉장,10.313935749634803,2016-03,2016,2016-03-21,101005.0,986223.0,6.263222
24,2016-03-28,수산물,노르웨이,노르웨이,자사제품제조용,어류,연어,연어,냉장,11.038298962469579,2016-03,2016,2016-03-28,88431.0,966494.0,6.6638694
25,2016-03-28,수산물,노르웨이,노르웨이,판매용,어류,연어,연어,냉장,10.904894185405873,2016-03,2016,2016-03-28,88431.0,966494.0,6.6638694
26,2016-04-04,수산물,노르웨이,노르웨이,자사제품제조용,어류,연어,연어,냉장,10.809443507588533,2016-04,2016,2016-04-04,98358.0,1056672.0,6.6660666
27,2016-04-04,수산물,노르웨이,노르웨이,판매용,어류,연어,연어,냉장,10.620376586980157,2016-04,2016,2016-04-04,98358.0,1056672.0,6.6660666
28,2016-04-11,수산물,노르웨이,노르웨이,자사제품제조용,어류,연어,연어,냉장,10.152526344231289,2016-04,2016,2016-04-11,106132.0,1117776.0,6.9751577000000005
29,2016-04-11,수산물,노르웨이,노르웨이,판매용,어류,연어,연어,냉장,10.12724557844076,2016-04,2016,2016-04-11,106132.0,1117776.0,6.9751577000000005
30,2016-04-18,수산물,노르웨이,노르웨이,자사제품제조용,어류,연어,연어,냉장,9.89656200317965,2016-04,2016,2016-04-18,101430.0,982274.0,7.220526700000001
31,2016-04-18,수산물,노르웨이,노르웨이,판매용,어류,연어,연어,냉장,9.723633867574307,2016-04,2016,2016-04-18,101430.0,982274.0,7.220526700000001
32,2016-04-25,수산물,캐나다,캐나다,판매용,어류,연어,연어,냉장,12.999440246291632,2016-04,2016,2016-04-25,3573.0,46447.0,5.396008
33,2016-04-25,수산물,노르웨이,노르웨이,자사제품제조용,어류,연어,연어,냉장,9.873097096072662,2016-04,2016,2016-04-25,120025.56,1174402.2,7.547197
34,2016-04-25,수산물,노르웨이,노르웨이,판매용,어류,연어,연어,냉장,9.692952393945271,2016-04,2016,2016-04-25,120025.56,1174402.2,7.547197
35,2016-05-02,수산물,노르웨이,노르웨이,자사제품제조용,어류,연어,연어,냉장,9.799025199626673,2016-05,2016,2016-05-02,120852.2,1164605.61,7.345774700000001
36,2016-05-02,수산물,노르웨이,노르웨이,판매용,어류,연어,연어,냉장,9.718738693836535,2016-05,2016,2016-05-02,120852.2,1164605.61,7.345774700000001
37,2016-05-09,수산물,노르웨이,노르웨이,자사제품제조용,어류,연어,연어,냉장,10.46623322147651,2016-05,2016,2016-05-09,135485.7,1365024.96,8.325785
38,2016-05-09,수산물,노르웨이,노르웨이,판매용,어류,연어,연어,냉장,10.351411697446395,2016-05,2016,2016-05-09,135485.7,1365024.96,8.325785
39,2016-05-16,수산물,영국,영국,판매용,어류,연어,연어,냉장,7.748498498498498,2016-05,2016,2016-05-16,837.0,0.0,11.151555
40,2016-05-16,수산물,노르웨이,노르웨이,자사제품제조용,어류,연어,연어,냉장,11.150025016081766,2016-05,2016,2016-05-16,152912.5,1653667.76,8.952024
41,2016-05-16,수산물,노르웨이,노르웨이,판매용,어류,연어,연어,냉장,10.868265496129982,2016-05,2016,2016-05-16,152912.5,1653667.76,8.952024
42,2016-05-23,수산물,노르웨이,노르웨이,자사제품제조용,어류,연어,연어,냉장,10.859782835665065,2016-05,2016,2016-05-23,83346.94,972299.96,9.3629265
43,2016-05-23,수산물,노르웨이,노르웨이,판매용,어류,연어,연어,냉장,10.971247722708437,2016-05,2016,2016-05-23,83346.94,972299.96,9.3629265
44,2016-05-30,수산물,노르웨이,노르웨이,자사제품제조용,어류,연어,연어,냉장,10.001941747572815,2016-05,2016,2016-05-30,101336.08,1027865.82,10.209632000000001
45,2016-05-30,수산물,노르웨이,노르웨이,판매용,어류,연어,연어,냉장,9.922653813986225,2016-05,2016,2016-05-30,101336.08,1027865.82,10.209632000000001
46,2016-06-13,수산물,노르웨이,노르웨이,자사제품제조용,어류,연어,연어,냉장,11.678741553118423,2016-06,2016,2016-06-13,85597.0,927118.64,11.18598
47,2016-06-13,수산물,노르웨이,노르웨이,판매용,어류,연어,연어,냉장,11.43267199105997,2016-06,2016,2016-06-13,85597.0,927118.64,11.18598
48,2016-06-20,수산물,캐나다,캐나다,판매용,어류,연어,연어,냉장,9.413374805598755,2016-06,2016,2016-06-20,822.0,0.0,9.543839
49,2016-06-20,수산물,노르웨이,노르웨이,자사제품제조용,어류,연어,연어,냉장,12.069385026737969,2016-06,2016,2016-06-20,71031.78,850652.9,12.124972999999999
50,2016-06-20,수산물,노르웨이,노르웨이,판매용,어류,연어,연어,냉장,11.90357239034738,2016-06,2016,2016-06-20,71031.78,850652.9,12.124972999999999
51,2016-06-27,수산물,캐나다,캐나다,판매용,어류,연어,연어,냉장,9.478034832336887,2016-06,2016,2016-06-27,1336.0,0.0,9.783349000000001
52,2016-06-27,수산물,노르웨이,노르웨이,자사제품제조용,어류,연어,연어,냉장,11.967791188018031,2016-06,2016,2016-06-27,86866.3,1022921.83,12.365215
53,2016-06-27,수산물,노르웨이,노르웨이,판매용,어류,연어,연어,냉장,11.662670666979727,2016-06,2016,2016-06-27,86866.3,1022921.83,12.365215
54,2016-07-04,수산물,영국,영국,판매용,어류,연어,연어,냉장,7.601769911504425,2016-07,2016,2016-07-04,930.0,0.0,14.933897
55,2016-07-04,수산물,캐나다,캐나다,판매용,어류,연어,연어,냉장,9.768344850279698,2016-07,2016,2016-07-04,1633.0,0.0,11.013855
56,2016-07-04,수산물,노르웨이,노르웨이,자사제품제조용,어류,연어,연어,냉장,12.770051594746716,2016-07,2016,2016-07-04,86915.9,982241.11,13.368664
57,2016-07-04,수산물,노르웨이,노르웨이,판매용,어류,연어,연어,냉장,12.060641611130286,2016-07,2016,2016-07-04,86915.9,982241.11,13.368664
58,2016-07-11,수산물,노르웨이,노르웨이,자사제품제조용,어류,연어,연어,냉장,13.697300877628747,2016-07,2016,2016-07-11,104466.08,1357757.69,13.499039000000002
59,2016-07-11,수산물,노르웨이,노르웨이,판매용,어류,연어,연어,냉장,13.23474265825251,2016-07,2016,2016-07-11,104466.08,1357757.69,13.499039000000002
60,2016-07-11,수산물,캐나다,캐나다,판매용,어류,연어,연어,냉장,9.749577508065755,2016-07,2016,2016-07-11,2065.0,19782.0,10.95819
61,2016-07-18,수산물,캐나다,캐나다,판매용,어류,연어,연어,냉장,9.510441138084051,2016-07,2016,2016-07-18,3360.0,33245.0,12.138889
62,2016-07-18,수산물,노르웨이,노르웨이,자사제품제조용,어류,연어,연어,냉장,13.462854301342615,2016-07,2016,2016-07-18,81995.16,1119548.05,13.334971
63,2016-07-18,수산물,노르웨이,노르웨이,판매용,어류,연어,연어,냉장,13.088523513383624,2016-07,2016,2016-07-18,81995.16,1119548.05,13.334971
64,2016-07-25,수산물,노르웨이,노르웨이,자사제품제조용,어류,연어,연어,냉장,12.7321942613056,2016-07,2016,2016-07-25,86060.59,1082560.99,14.087924
65,2016-07-25,수산물,노르웨이,노르웨이,판매용,어류,연어,연어,냉장,12.414031150304892,2016-07,2016,2016-07-25,86060.59,1082560.99,14.087924
66,2016-08-01,수산물,칠레,칠레,판매용,어류,연어,연어,냉장,11.154385964912281,2016-08,2016,2016-08-01,3135.0,34969.0,12.872799
67,2016-08-01,수산물,노르웨이,노르웨이,자사제품제조용,어류,연어,연어,냉장,11.971390552228875,2016-08,2016,2016-08-01,71461.67,812380.33,14.681935999999999
68,2016-08-01,수산물,노르웨이,노르웨이,판매용,어류,연어,연어,냉장,11.182460985912682,2016-08,2016,2016-08-01,71461.67,812380.33,14.681935999999999
69,2016-08-01,수산물,캐나다,캐나다,판매용,어류,연어,연어,냉장,9.181826102108381,2016-08,2016,2016-08-01,3245.0,29826.0,13.537126
70,2016-08-08,수산물,아일랜드,아일랜드,판매용,어류,연어,연어,냉장,11.176759410801964,2016-08,2016,2016-08-08,304.0,0.0,15.921231
71,2016-08-08,수산물,캐나다,캐나다,판매용,어류,연어,연어,냉장,8.927802728582323,2016-08,2016,2016-08-08,4207.0,0.0,15.036439000000001
72,2016-08-08,수산물,노르웨이,노르웨이,자사제품제조용,어류,연어,연어,냉장,11.213024564994882,2016-08,2016,2016-08-08,79059.02,855975.49,15.242256
73,2016-08-08,수산물,노르웨이,노르웨이,판매용,어류,연어,연어,냉장,11.07903123837812,2016-08,2016,2016-08-08,79059.02,855975.49,15.242256
74,2016-08-22,수산물,캐나다,캐나다,판매용,어류,연어,연어,냉장,9.291967403958092,2016-08,2016,2016-08-22,7139.0,0.0,15.813562
75,2016-08-22,수산물,노르웨이,노르웨이,자사제품제조용,어류,연어,연어,냉장,12.027084337349397,2016-08,2016,2016-08-22,93242.6,1113415.37,15.096499
76,2016-08-22,수산물,노르웨이,노르웨이,판매용,어류,연어,연어,냉장,11.781857162794855,2016-08,2016,2016-08-22,93242.6,1113415.37,15.096499
77,2016-08-29,수산물,미국,미국,판매용,어류,연어,연어,냉동,3.512818715090327,2016-08,2016,2016-08-29,146693.0,0.0,19.614216
78,2016-08-29,수산물,노르웨이,노르웨이,자사제품제조용,어류,연어,연어,냉장,11.588141281764424,2016-08,2016,2016-08-29,98981.46,1170149.46,15.174871
79,2016-08-29,수산물,노르웨이,노르웨이,판매용,어류,연어,연어,냉장,11.59041667162874,2016-08,2016,2016-08-29,98981.46,1170149.46,15.174871
80,2016-09-05,수산물,노르웨이,노르웨이,자사제품제조용,어류,연어,연어,냉장,10.459478164578863,2016-09,2016,2016-09-05,76031.14,844799.72,15.437085999999999
81,2016-09-05,수산물,노르웨이,노르웨이,판매용,어류,연어,연어,냉장,10.919918153638845,2016-09,2016,2016-09-05,76031.14,844799.72,15.437085999999999
82,2016-09-12,수산물,노르웨이,노르웨이,자사제품제조용,어류,연어,연어,냉장,9.706627956380116,2016-09,2016,2016-09-12,115962.44,1192489.65,15.325754000000002
83,2016-09-12,수산물,노르웨이,노르웨이,판매용,어류,연어,연어,냉장,10.358669874106663,2016-09,2016,2016-09-12,115962.44,1192489.65,15.325754000000002
84,2016-09-19,수산물,캐나다,캐나다,판매용,어류,연어,연어,냉장,9.412847965738758,2016-09,2016,2016-09-19,100.0,0.0,17.668844
85,2016-09-19,수산물,미국,미국,판매용,어류,연어,연어,냉동,5.700766903539013,2016-09,2016,2016-09-19,85278.0,486150.0,19.417189
86,2016-09-19,수산물,노르웨이,노르웨이,자사제품제조용,어류,연어,연어,냉장,9.576081153230112,2016-09,2016,2016-09-19,103371.96,993355.69,16.0018
87,2016-09-19,수산물,노르웨이,노르웨이,판매용,어류,연어,연어,냉장,9.825120317697426,2016-09,2016,2016-09-19,103371.96,993355.69,16.0018
88,2016-09-26,수산물,영국,영국,판매용,어류,연어,연어,냉장,8.4916364908238,2016-09,2016,2016-09-26,288.16,0.0,16.099949
89,2016-09-26,수산물,노르웨이,노르웨이,자사제품제조용,어류,연어,연어,냉장,10.265725374732334,2016-09,2016,2016-09-26,115731.8,1171425.91,15.586504999999999
90,2016-09-26,수산물,노르웨이,노르웨이,판매용,어류,연어,연어,냉장,10.242198483722152,2016-09,2016,2016-09-26,115731.8,1171425.91,15.586504999999999
91,2016-10-10,수산물,아일랜드,아일랜드,판매용,어류,연어,연어,냉장,12.219814241486068,2016-10,2016,2016-10-10,322.0,0.0,14.936827
92,2016-10-10,수산물,노르웨이,노르웨이,자사제품제조용,어류,연어,연어,냉장,11.767401326886315,2016-10,2016,2016-10-10,127114.6,1492356.78,13.110844
93,2016-10-10,수산물,노르웨이,노르웨이,판매용,어류,연어,연어,냉장,11.392965293587046,2016-10,2016,2016-10-10,127114.6,1492356.78,13.110844
94,2016-10-17,수산물,노르웨이,노르웨이,자사제품제조용,어류,연어,연어,냉장,11.943513050104782,2016-10,2016,2016-10-17,87211.8,1026182.02,10.537766
95,2016-10-17,수산물,노르웨이,노르웨이,판매용,어류,연어,연어,냉장,11.731442049966008,2016-10,2016,2016-10-17,87211.8,1026182.02,10.537766
96,2016-10-24,수산물,캐나다,캐나다,판매용,어류,연어,연어,냉장,9.886686883879088,2016-10,2016,2016-10-24,2703.95,30284.24,15.145574
97,2016-10-24,수산물,노르웨이,노르웨이,자사제품제조용,어류,연어,연어,냉장,11.710418954966263,2016-10,2016,2016-10-24,99936.25,1149200.46,10.390546
98,2016-10-24,수산물,노르웨이,노르웨이,판매용,어류,연어,연어,냉장,11.459743486234062,2016-10,2016,2016-10-24,99936.25,1149200.46,10.390546
99,2016-10-31,수산물,캐나다,캐나다,판매용,어류,연어,연어,냉장,8.347591801141062,2016-10,2016,2016-10-31,2431.07,20293.58,13.704123499999998
100,2016-10-31,수산물,노르웨이,노르웨이,자사제품제조용,어류,연어,연어,냉장,11.290556900726392,2016-10,2016,2016-10-31,98664.52,1126785.31,10.901059
101,2016-10-31,수산물,노르웨이,노르웨이,판매용,어류,연어,연어,냉장,11.318034148846989,2016-10,2016,2016-10-31,98664.52,1126785.31,10.901059
102,2016-11-07,수산물,러시아,러시아,외화획득용 원료,어류,연어,연어,냉동,2.88430395270589,2016-11,2016,2016-11-07,35940.0,115008.0,6.1885129999999995
103,2016-11-07,수산물,노르웨이,노르웨이,자사제품제조용,어류,연어,연어,냉장,10.949805496298156,2016-11,2016,2016-11-07,91541.51,1027980.24,10.107089
104,2016-11-07,수산물,노르웨이,노르웨이,판매용,어류,연어,연어,냉장,11.12371103800475,2016-11,2016,2016-11-07,91541.51,1027980.24,10.107089
105,2016-11-14,수산물,캐나다,캐나다,판매용,어류,연어,연어,냉장,10.599313108185461,2016-11,2016,2016-11-14,882.0,0.0,11.988007000000001
106,2016-11-14,수산물,노르웨이,노르웨이,자사제품제조용,어류,연어,연어,냉장,11.286884737136118,2016-11,2016,2016-11-14,107027.1,1179237.88,9.291879
107,2016-11-14,수산물,노르웨이,노르웨이,판매용,어류,연어,연어,냉장,11.179690039240558,2016-11,2016,2016-11-14,107027.1,1179237.88,9.291879
108,2016-11-21,수산물,캐나다,캐나다,판매용,어류,연어,연어,냉장,11.056174957118353,2016-11,2016,2016-11-21,3788.0,42368.0,11.849574
109,2016-11-21,수산물,노르웨이,노르웨이,자사제품제조용,어류,연어,연어,냉장,11.019560142869196,2016-11,2016,2016-11-21,71267.29,803382.33,9.233283
110,2016-11-21,수산물,노르웨이,노르웨이,판매용,어류,연어,연어,냉장,10.81902371479977,2016-11,2016,2016-11-21,71267.29,803382.33,9.233283
111,2016-11-28,수산물,캐나다,캐나다,판매용,어류,연어,연어,냉장,10.422142674507798,2016-11,2016,2016-11-28,874.0,0.0,11.292916
112,2016-11-28,수산물,노르웨이,노르웨이,자사제품제조용,어류,연어,연어,냉장,10.570433750622104,2016-11,2016,2016-11-28,100698.37999999999,1048141.57,8.716178
113,2016-11-28,수산물,노르웨이,노르웨이,판매용,어류,연어,연어,냉장,10.364511777035224,2016-11,2016,2016-11-28,100698.37999999999,1048141.57,8.716178
114,2016-12-05,수산물,캐나다,캐나다,판매용,어류,연어,연어,냉장,10.496766831494865,2016-12,2016,2016-12-05,874.0,0.0,10.354655000000001
115,2016-12-05,수산물,노르웨이,노르웨이,자사제품제조용,어류,연어,연어,냉장,10.778329571106095,2016-12,2016,2016-12-05,100859.9,1044969.62,8.787225
116,2016-12-05,수산물,노르웨이,노르웨이,판매용,어류,연어,연어,냉장,10.921638963425751,2016-12,2016,2016-12-05,100859.9,1044969.62,8.787225
117,2016-12-12,수산물,노르웨이,노르웨이,자사제품제조용,어류,연어,연어,냉장,11.591160958675479,2016-12,2016,2016-12-12,86640.7,927475.07,8.902219
118,2016-12-12,수산물,노르웨이,노르웨이,판매용,어류,연어,연어,냉장,11.332142286529432,2016-12,2016,2016-12-12,86640.7,927475.07,8.902219
119,2016-12-19,수산물,캐나다,캐나다,판매용,어류,연어,연어,냉장,10.966296438146305,2016-12,2016,2016-12-19,1734.0,18727.0,8.796747
120,2016-12-19,수산물,노르웨이,노르웨이,자사제품제조용,어류,연어,연어,냉장,12.426139539610753,2016-12,2016,2016-12-19,126081.8,1501259.62,8.711051
121,2016-12-19,수산물,노르웨이,노르웨이,판매용,어류,연어,연어,냉장,12.410893936510456,2016-12,2016,2016-12-19,126081.8,1501259.62,8.711051
122,2016-12-26,수산물,캐나다,캐나다,판매용,어류,연어,연어,냉장,11.298005698005698,2016-12,2016,2016-12-26,1755.0,19828.0,8.042328999999999
123,2016-12-26,수산물,노르웨이,노르웨이,자사제품제조용,어류,연어,연어,냉장,13.083138173302109,2016-12,2016,2016-12-26,123018.13,1617628.2,8.630482
124,2016-12-26,수산물,노르웨이,노르웨이,판매용,어류,연어,연어,냉장,13.171633629830003,2016-12,2016,2016-12-26,123018.13,1617628.2,8.630482
125,2017-01-06,수산물,노르웨이,노르웨이,자사제품제조용,어류,연어,연어,냉장,12.510571901668577,2017-01,2017,2017-01-06,48657.6,632659.92,7.7273784
126,2017-01-06,수산물,노르웨이,노르웨이,판매용,어류,연어,연어,냉장,12.346819446550231,2017-01,2017,2017-01-06,48657.6,632659.92,7.7273784
127,2017-01-16,수산물,캐나다,캐나다,판매용,어류,연어,연어,냉장,11.476610767872904,2017-01,2017,2017-01-16,3527.0,40205.0,4.84521
128,2017-01-16,수산물,노르웨이,노르웨이,자사제품제조용,어류,연어,연어,냉장,12.223768438630671,2017-01,2017,2017-01-16,103942.1,1251080.58,7.1685232999999995
129,2017-01-16,수산물,노르웨이,노르웨이,판매용,어류,연어,연어,냉장,11.887102583219828,2017-01,2017,2017-01-16,103942.1,1251080.58,7.1685232999999995
130,2017-01-23,수산물,노르웨이,노르웨이,자사제품제조용,어류,연어,연어,냉장,11.801575422600557,2017-01,2017,2017-01-23,105007.5,1234061.98,7.655598599999999
131,2017-01-23,수산물,노르웨이,노르웨이,판매용,어류,연어,연어,냉장,11.600456381510782,2017-01,2017,2017-01-23,105007.5,1234061.98,7.655598599999999
132,2017-02-06,수산물,노르웨이,노르웨이,자사제품제조용,어류,연어,연어,냉장,10.407238079556176,2017-02,2017,2017-02-06,114717.40000000001,1200535.23,7.1194496
133,2017-02-06,수산물,노르웨이,노르웨이,판매용,어류,연어,연어,냉장,10.424260647670303,2017-02,2017,2017-02-06,114717.40000000001,1200535.23,7.1194496
134,2017-02-13,수산물,노르웨이,노르웨이,자사제품제조용,어류,연어,연어,냉장,10.196001052354644,2017-02,2017,2017-02-13,113631.2,1173403.23,6.2749414
135,2017-02-13,수산물,노르웨이,노르웨이,판매용,어류,연어,연어,냉장,10.179438489925188,2017-02,2017,2017-02-13,113631.2,1173403.23,6.2749414
136,2017-02-20,수산물,노르웨이,노르웨이,자사제품제조용,어류,연어,연어,냉장,9.98649783729894,2017-02,2017,2017-02-20,116048.67,1162618.4,6.6748557
137,2017-02-20,수산물,노르웨이,노르웨이,판매용,어류,연어,연어,냉장,9.949317234857837,2017-02,2017,2017-02-20,116048.67,1162618.4,6.6748557
138,2017-02-27,수산물,캐나다,캐나다,판매용,어류,연어,연어,냉장,11.440777077846402,2017-02,2017,2017-02-27,1172.49,13600.88,4.25486
139,2017-02-27,수산물,노르웨이,노르웨이,자사제품제조용,어류,연어,연어,냉장,9.635597208011003,2017-02,2017,2017-02-27,119314.89,1177991.0,6.51738
140,2017-02-27,수산물,노르웨이,노르웨이,판매용,어류,연어,연어,냉장,9.606354755996083,2017-02,2017,2017-02-27,119314.89,1177991.0,6.51738
141,2017-03-06,수산물,캐나다,캐나다,판매용,어류,연어,연어,냉장,11.600001081677464,2017-03,2017,2017-03-06,1848.98,21448.17,3.8131962
142,2017-03-06,수산물,노르웨이,노르웨이,자사제품제조용,어류,연어,연어,냉장,9.273856209150328,2017-03,2017,2017-03-06,129176.62,1194041.21,6.255165
143,2017-03-06,수산물,노르웨이,노르웨이,판매용,어류,연어,연어,냉장,9.027533295909112,2017-03,2017,2017-03-06,129176.62,1194041.21,6.255165
144,2017-03-13,수산물,캐나다,캐나다,판매용,어류,연어,연어,냉장,10.999999999999998,2017-03,2017,2017-03-13,594.81,0.0,3.2396924
145,2017-03-13,수산물,노르웨이,노르웨이,자사제품제조용,어류,연어,연어,냉장,9.119409282700422,2017-03,2017,2017-03-13,116059.85,1021980.2,5.9900203
146,2017-03-13,수산물,노르웨이,노르웨이,판매용,어류,연어,연어,냉장,9.12462217912966,2017-03,2017,2017-03-13,116059.85,1021980.2,5.9900203
147,2017-03-20,수산물,노르웨이,노르웨이,자사제품제조용,어류,연어,연어,냉장,9.534804584608814,2017-03,2017,2017-03-20,126175.2,1181547.96,6.6968293
148,2017-03-20,수산물,노르웨이,노르웨이,판매용,어류,연어,연어,냉장,9.432978569400003,2017-03,2017,2017-03-20,126175.2,1181547.96,6.6968293
149,2017-03-27,수산물,노르웨이,노르웨이,자사제품제조용,어류,연어,연어,냉장,9.546960486322188,2017-03,2017,2017-03-27,139866.0,1323530.3399999999,6.8110905
150,2017-03-27,수산물,노르웨이,노르웨이,판매용,어류,연어,연어,냉장,9.45462158516328,2017-03,2017,2017-03-27,139866.0,1323530.3399999999,6.8110905
151,2017-03-27,수산물,영국,영국,판매용,어류,연어,연어,냉장,9.941736694677871,2017-03,2017,2017-03-27,826.0,0.0,9.683003999999999
152,2017-04-03,수산물,노르웨이,노르웨이,자사제품제조용,어류,연어,연어,냉장,9.442019567235592,2017-04,2017,2017-04-03,133512.69999999998,1260149.52,7.293039
153,2017-04-03,수산물,노르웨이,노르웨이,판매용,어류,연어,연어,냉장,9.429430738228357,2017-04,2017,2017-04-03,133512.69999999998,1260149.52,7.293039
154,2017-04-10,수산물,노르웨이,노르웨이,자사제품제조용,어류,연어,연어,냉장,9.580605063003746,2017-04,2017,2017-04-10,123721.5,1160756.81,7.675374499999999
155,2017-04-10,수산물,노르웨이,노르웨이,판매용,어류,연어,연어,냉장,9.525824323976208,2017-04,2017,2017-04-10,123721.5,1160756.81,7.675374499999999
156,2017-04-17,수산물,노르웨이,노르웨이,판매용,어류,연어,연어,냉장,9.668584116931905,2017-04,2017,2017-04-17,134040.1,1279665.13,7.7493514999999995
157,2017-04-24,수산물,노르웨이,노르웨이,판매용,어류,연어,연어,냉장,9.637745348677644,2017-04,2017,2017-04-24,131245.3,1279353.43,7.261543799999999
158,2017-05-01,수산물,노르웨이,노르웨이,자사제품제조용,어류,연어,연어,냉장,9.193940820971667,2017-05,2017,2017-05-01,143883.9,1334323.28,7.6167793
159,2017-05-01,수산물,노르웨이,노르웨이,판매용,어류,연어,연어,냉장,9.487263561691494,2017-05,2017,2017-05-01,143883.9,1334323.28,7.6167793
160,2017-05-08,수산물,영국,영국,판매용,어류,연어,연어,냉장,10.219019566589523,2017-05,2017,2017-05-08,826.0,0.0,11.614460000000001
161,2017-05-08,수산물,노르웨이,노르웨이,자사제품제조용,어류,연어,연어,냉장,9.953251383440657,2017-05,2017,2017-05-08,157273.41999999998,1548731.26,8.323587
162,2017-05-08,수산물,노르웨이,노르웨이,판매용,어류,연어,연어,냉장,10.316129768410464,2017-05,2017,2017-05-08,157273.41999999998,1548731.26,8.323587
163,2017-05-15,수산물,노르웨이,노르웨이,자사제품제조용,어류,연어,연어,냉장,10.719057242592058,2017-05,2017,2017-05-15,180943.66,1936753.11,8.780633
164,2017-05-15,수산물,노르웨이,노르웨이,판매용,어류,연어,연어,냉장,10.95820788261478,2017-05,2017,2017-05-15,180943.66,1936753.11,8.780633
165,2017-05-15,수산물,영국,영국,판매용,어류,연어,연어,냉장,10.61514514003995,2017-05,2017,2017-05-15,10209.0,103893.0,12.156467999999998
166,2017-05-22,수산물,노르웨이,노르웨이,자사제품제조용,어류,연어,연어,냉장,11.024566080911878,2017-05,2017,2017-05-22,139989.0,1578794.16,9.171759
167,2017-05-22,수산물,노르웨이,노르웨이,판매용,어류,연어,연어,냉장,11.470446848720014,2017-05,2017,2017-05-22,139989.0,1578794.16,9.171759
168,2017-05-22,수산물,영국,영국,판매용,어류,연어,연어,냉장,10.496199106998446,2017-05,2017,2017-05-22,6098.3,65099.0,12.464095
169,2017-05-29,수산물,노르웨이,노르웨이,자사제품제조용,어류,연어,연어,냉장,10.575083878058656,2017-05,2017,2017-05-29,124891.3,1455205.54,10.219886
170,2017-05-29,수산물,노르웨이,노르웨이,판매용,어류,연어,연어,냉장,11.06954458070243,2017-05,2017,2017-05-29,124891.3,1455205.54,10.219886
171,2017-05-29,수산물,영국,영국,판매용,어류,연어,연어,냉장,11.284304951845224,2017-05,2017,2017-05-29,6093.4,69155.0,12.935057
172,2017-06-05,수산물,영국,영국,판매용,어류,연어,연어,냉장,10.300867365377666,2017-06,2017,2017-06-05,3031.0,0.0,13.709983
173,2017-06-05,수산물,노르웨이,노르웨이,자사제품제조용,어류,연어,연어,냉장,10.407488093011208,2017-06,2017,2017-06-05,137720.69999999998,1388115.09,11.04535
174,2017-06-05,수산물,노르웨이,노르웨이,판매용,어류,연어,연어,냉장,10.484777136476357,2017-06,2017,2017-06-05,137720.69999999998,1388115.09,11.04535
175,2017-06-12,수산물,영국,영국,판매용,어류,연어,연어,냉장,10.719094429550193,2017-06,2017,2017-06-12,902.0,0.0,13.987579
176,2017-06-12,수산물,노르웨이,노르웨이,자사제품제조용,어류,연어,연어,냉장,10.469710829054636,2017-06,2017,2017-06-12,143086.1,1504477.67,11.955779
177,2017-06-12,수산물,노르웨이,노르웨이,판매용,어류,연어,연어,냉장,10.73060859602424,2017-06,2017,2017-06-12,143086.1,1504477.67,11.955779
178,2017-06-19,수산물,영국,영국,판매용,어류,연어,연어,냉장,13.178096644861785,2017-06,2017,2017-06-19,3081.0,0.0,14.396282999999999
179,2017-06-19,수산물,노르웨이,노르웨이,자사제품제조용,어류,연어,연어,냉장,10.45621480525341,2017-06,2017,2017-06-19,119529.07,1257631.5,12.417218
180,2017-06-19,수산물,노르웨이,노르웨이,판매용,어류,연어,연어,냉장,10.607010254047232,2017-06,2017,2017-06-19,119529.07,1257631.5,12.417218
181,2017-06-26,수산물,영국,영국,판매용,어류,연어,연어,냉장,10.09226880134822,2017-06,2017,2017-06-26,3813.0,37916.0,15.218085
182,2017-06-26,수산물,노르웨이,노르웨이,판매용,어류,연어,연어,냉장,12.072993840930687,2017-06,2017,2017-06-26,121763.2,1654627.9,12.754875
183,2017-07-03,수산물,노르웨이,노르웨이,자사제품제조용,어류,연어,연어,냉장,10.468820156320659,2017-07,2017,2017-07-03,112082.5,1212485.55,13.780297000000001
184,2017-07-03,수산물,노르웨이,노르웨이,판매용,어류,연어,연어,냉장,11.035588141498565,2017-07,2017,2017-07-03,112082.5,1212485.55,13.780297000000001
185,2017-07-10,수산물,캐나다,캐나다,판매용,어류,연어,연어,냉장,10.045956951716114,2017-07,2017,2017-07-10,857.0,0.0,11.57271
186,2017-07-10,수산물,영국,영국,판매용,어류,연어,연어,냉장,8.972710733778047,2017-07,2017,2017-07-10,825.0,0.0,15.597491
187,2017-07-10,수산물,노르웨이,노르웨이,자사제품제조용,어류,연어,연어,냉장,10.524396370107777,2017-07,2017,2017-07-10,129743.54000000001,1385330.46,13.551043
188,2017-07-10,수산물,노르웨이,노르웨이,판매용,어류,연어,연어,냉장,10.605667094008917,2017-07,2017,2017-07-10,129743.54000000001,1385330.46,13.551043
189,2017-07-17,수산물,캐나다,캐나다,판매용,어류,연어,연어,냉장,10.200673967986521,2017-07,2017,2017-07-17,2975.0,0.0,12.127171
190,2017-07-17,수산물,노르웨이,노르웨이,자사제품제조용,어류,연어,연어,냉장,10.900540847036245,2017-07,2017,2017-07-17,115773.6,1212654.05,13.947294
191,2017-07-17,수산물,노르웨이,노르웨이,판매용,어류,연어,연어,냉장,10.759155077685573,2017-07,2017,2017-07-17,115773.6,1212654.05,13.947294
192,2017-07-17,수산물,영국,영국,판매용,어류,연어,연어,냉장,10.26372745490982,2017-07,2017,2017-07-17,820.0,0.0,16.135838
193,2017-07-24,수산물,캐나다,캐나다,판매용,어류,연어,연어,냉장,10.288686605981795,2017-07,2017,2017-07-24,2987.0,0.0,12.697744
194,2017-07-24,수산물,노르웨이,노르웨이,자사제품제조용,어류,연어,연어,냉장,11.172398826628353,2017-07,2017,2017-07-24,116037.0,1260785.23,14.256386
195,2017-07-24,수산물,노르웨이,노르웨이,판매용,어류,연어,연어,냉장,10.987239134377331,2017-07,2017,2017-07-24,116037.0,1260785.23,14.256386
196,2017-07-31,수산물,영국,영국,판매용,어류,연어,연어,냉장,9.231094978826377,2017-07,2017,2017-07-31,819.0,0.0,16.37022
197,2017-07-31,수산물,노르웨이,노르웨이,자사제품제조용,어류,연어,연어,냉장,10.853843548366864,2017-07,2017,2017-07-31,125570.32,1401513.66,15.546220000000002
198,2017-07-31,수산물,노르웨이,노르웨이,판매용,어류,연어,연어,냉장,11.096484097326833,2017-07,2017,2017-07-31,125570.32,1401513.66,15.546220000000002
199,2017-08-07,수산물,노르웨이,노르웨이,자사제품제조용,어류,연어,연어,냉장,10.618954673606593,2017-08,2017,2017-08-07,135665.42,1491396.87,15.765954
200,2017-08-07,수산물,노르웨이,노르웨이,판매용,어류,연어,연어,냉장,10.99504852091609,2017-08,2017,2017-08-07,135665.42,1491396.87,15.765954
201,2017-08-14,수산물,영국,영국,판매용,어류,연어,연어,냉장,9.714573268921095,2017-08,2017,2017-08-14,825.0,0.0,16.392193
202,2017-08-14,수산물,노르웨이,노르웨이,자사제품제조용,어류,연어,연어,냉장,10.390207200152386,2017-08,2017,2017-08-14,139416.35,1529115.81,15.270822
203,2017-08-14,수산물,노르웨이,노르웨이,판매용,어류,연어,연어,냉장,10.659930325653374,2017-08,2017,2017-08-14,139416.35,1529115.81,15.270822
204,2017-08-21,수산물,노르웨이,노르웨이,자사제품제조용,어류,연어,연어,냉장,9.855535483870966,2017-08,2017,2017-08-21,125341.8,1291804.46,15.483229999999999
205,2017-08-21,수산물,노르웨이,노르웨이,판매용,어류,연어,연어,냉장,10.343770540218623,2017-08,2017,2017-08-21,125341.8,1291804.46,15.483229999999999
206,2017-08-28,수산물,영국,영국,판매용,어류,연어,연어,냉장,9.329411764705883,2017-08,2017,2017-08-28,820.0,0.0,16.491073999999998
207,2017-08-28,수산물,노르웨이,노르웨이,자사제품제조용,어류,연어,연어,냉장,10.455909342710568,2017-08,2017,2017-08-28,154647.45,1621239.59,15.358714
208,2017-08-28,수산물,노르웨이,노르웨이,판매용,어류,연어,연어,냉장,10.489054088300469,2017-08,2017,2017-08-28,154647.45,1621239.59,15.358714
209,2017-09-04,수산물,영국,영국,판매용,어류,연어,연어,냉장,9.017586416009703,2017-09,2017,2017-09-04,822.0,0.0,16.580431
210,2017-09-04,수산물,노르웨이,노르웨이,자사제품제조용,어류,연어,연어,냉장,11.274311617277938,2017-09,2017,2017-09-04,142099.29,1475214.74,15.298654999999998
211,2017-09-04,수산물,노르웨이,노르웨이,판매용,어류,연어,연어,냉장,10.719612926912712,2017-09,2017,2017-09-04,142099.29,1475214.74,15.298654999999998
212,2017-09-11,수산물,노르웨이,노르웨이,자사제품제조용,어류,연어,연어,냉장,11.359641713300249,2017-09,2017,2017-09-11,159156.93,1733102.85,15.166814000000002
213,2017-09-11,수산물,노르웨이,노르웨이,판매용,어류,연어,연어,냉장,10.717776946401537,2017-09,2017,2017-09-11,159156.93,1733102.85,15.166814000000002
214,2017-09-18,수산물,노르웨이,노르웨이,자사제품제조용,어류,연어,연어,냉장,10.013161319042563,2017-09,2017,2017-09-18,125203.84,1252547.8099999998,14.992493
215,2017-09-18,수산물,노르웨이,노르웨이,판매용,어류,연어,연어,냉장,10.287068399625815,2017-09,2017,2017-09-18,125203.84,1252547.8099999998,14.992493
216,2017-09-18,수산물,영국,영국,판매용,어류,연어,연어,냉장,9.948676824378508,2017-09,2017,2017-09-18,7904.0,77655.0,15.474441
217,2017-09-25,수산물,노르웨이,노르웨이,자사제품제조용,어류,연어,연어,냉장,10.203283823380822,2017-09,2017,2017-09-25,197002.86000000002,2052693.43,14.769097
218,2017-09-25,수산물,노르웨이,노르웨이,판매용,어류,연어,연어,냉장,10.476341446496484,2017-09,2017,2017-09-25,197002.86000000002,2052693.43,14.769097
219,2017-10-02,수산물,노르웨이,노르웨이,판매용,어류,연어,연어,냉장,10.469605496032711,2017-10,2017,2017-10-02,77667.66,813149.76,15.250313
220,2017-10-16,수산물,노르웨이,노르웨이,자사제품제조용,어류,연어,연어,냉장,9.393791228476891,2017-10,2017,2017-10-16,147093.95,1392813.92,12.355692999999999
221,2017-10-16,수산물,노르웨이,노르웨이,판매용,어류,연어,연어,냉장,9.614174733974329,2017-10,2017,2017-10-16,147093.95,1392813.92,12.355692999999999
222,2017-10-23,수산물,러시아,러시아,판매용,어류,연어,연어,"냉동,곤이",3.2,2017-10,2017,2017-10-23,2010.0,6432.0,8.998169
223,2017-10-23,수산물,영국,영국,판매용,어류,연어,연어,냉장,9.100242522231204,2017-10,2017,2017-10-23,1653.0,14471.0,14.184607000000002
224,2017-10-23,수산물,노르웨이,노르웨이,자사제품제조용,어류,연어,연어,냉장,9.691015537041208,2017-10,2017,2017-10-23,167035.87,1638448.0799999998,12.847163
225,2017-10-23,수산물,노르웨이,노르웨이,판매용,어류,연어,연어,냉장,9.719710730050386,2017-10,2017,2017-10-23,167035.87,1638448.0799999998,12.847163
226,2017-10-30,수산물,노르웨이,노르웨이,자사제품제조용,어류,연어,연어,냉장,8.927845969219108,2017-10,2017,2017-10-30,140210.80000000002,1366877.71,11.722861
227,2017-10-30,수산물,노르웨이,노르웨이,판매용,어류,연어,연어,냉장,8.96636570125838,2017-10,2017,2017-10-30,140210.80000000002,1366877.71,11.722861
228,2017-11-06,수산물,노르웨이,노르웨이,자사제품제조용,어류,연어,연어,냉장,8.29728507592886,2017-11,2017,2017-11-06,165021.11000000002,1342716.95,11.032899
229,2017-11-06,수산물,노르웨이,노르웨이,판매용,어류,연어,연어,냉장,8.152944248165541,2017-11,2017,2017-11-06,165021.11000000002,1342716.95,11.032899
230,2017-11-13,수산물,영국,영국,판매용,어류,연어,연어,냉장,8.560193587416817,2017-11,2017,2017-11-13,827.0,0.0,12.981933
231,2017-11-13,수산물,노르웨이,노르웨이,자사제품제조용,어류,연어,연어,냉장,8.176891104128975,2017-11,2017,2017-11-13,141201.6,1140592.6099999999,10.244789
232,2017-11-13,수산물,노르웨이,노르웨이,판매용,어류,연어,연어,냉장,8.42010010596303,2017-11,2017,2017-11-13,141201.6,1140592.6099999999,10.244789
233,2017-11-20,수산물,노르웨이,노르웨이,자사제품제조용,어류,연어,연어,냉장,8.604546893132188,2017-11,2017,2017-11-20,155246.5,1371761.89,9.425184
234,2017-11-20,수산물,노르웨이,노르웨이,판매용,어류,연어,연어,냉장,8.33569027495939,2017-11,2017,2017-11-20,155246.5,1371761.89,9.425184
235,2017-11-27,수산물,노르웨이,노르웨이,자사제품제조용,어류,연어,연어,냉장,7.566405754513553,2017-11,2017,2017-11-27,155345.47,1189308.6900000002,8.949827
236,2017-11-27,수산물,노르웨이,노르웨이,판매용,어류,연어,연어,냉장,7.631314109321558,2017-11,2017,2017-11-27,155345.47,1189308.6900000002,8.949827
237,2017-12-04,수산물,노르웨이,노르웨이,자사제품제조용,어류,연어,연어,냉장,8.160527008529009,2017-12,2017,2017-12-04,131982.71,986327.47,8.343364
238,2017-12-04,수산물,노르웨이,노르웨이,판매용,어류,연어,연어,냉장,8.086829819254676,2017-12,2017,2017-12-04,131982.71,986327.47,8.343364
239,2017-12-11,수산물,노르웨이,노르웨이,자사제품제조용,어류,연어,연어,냉장,8.49818721816766,2017-12,2017,2017-12-11,145829.62999999998,1235000.42,8.012299
240,2017-12-11,수산물,노르웨이,노르웨이,판매용,어류,연어,연어,냉장,8.488928198871271,2017-12,2017,2017-12-11,145829.62999999998,1235000.42,8.012299
241,2017-12-18,수산물,노르웨이,노르웨이,자사제품제조용,어류,연어,연어,냉장,8.474055963053518,2017-12,2017,2017-12-18,185637.9,1554066.22,7.5098424
242,2017-12-18,수산물,노르웨이,노르웨이,판매용,어류,연어,연어,냉장,8.74497314422862,2017-12,2017,2017-12-18,185637.9,1554066.22,7.5098424
243,2018-01-08,수산물,노르웨이,노르웨이,자사제품제조용,어류,연어,연어,냉장,9.555822612592785,2018-01,2018,2018-01-08,176155.01,1739394.93,7.2549515
244,2018-01-08,수산물,노르웨이,노르웨이,판매용,어류,연어,연어,냉장,9.845415184428257,2018-01,2018,2018-01-08,176155.01,1739394.93,7.2549515
245,2018-01-15,수산물,노르웨이,노르웨이,자사제품제조용,어류,연어,연어,냉장,9.236413997525108,2018-01,2018,2018-01-15,193606.31,1870773.24,6.914365299999999
246,2018-01-15,수산물,노르웨이,노르웨이,판매용,어류,연어,연어,냉장,9.586245608272078,2018-01,2018,2018-01-15,193606.31,1870773.24,6.914365299999999
247,2018-01-22,수산물,노르웨이,노르웨이,자사제품제조용,어류,연어,연어,냉장,9.606888459679258,2018-01,2018,2018-01-22,156141.71000000002,1469713.86,6.6287117
248,2018-01-22,수산물,노르웨이,노르웨이,판매용,어류,연어,연어,냉장,9.585213212432972,2018-01,2018,2018-01-22,156141.71000000002,1469713.86,6.6287117
249,2018-01-29,수산물,노르웨이,노르웨이,자사제품제조용,어류,연어,연어,냉장,9.868471267460919,2018-01,2018,2018-01-29,139760.67,1375872.52,6.496872
250,2018-01-29,수산물,노르웨이,노르웨이,판매용,어류,연어,연어,냉장,9.88005225384691,2018-01,2018,2018-01-29,139760.67,1375872.52,6.496872
251,2018-02-05,수산물,노르웨이,노르웨이,자사제품제조용,어류,연어,연어,냉장,9.715853948363401,2018-02,2018,2018-02-05,144457.0,1427899.54,6.251503
252,2018-02-05,수산물,노르웨이,노르웨이,판매용,어류,연어,연어,냉장,9.905992343727764,2018-02,2018,2018-02-05,144457.0,1427899.54,6.251503
253,2018-02-12,수산물,노르웨이,노르웨이,자사제품제조용,어류,연어,연어,냉장,9.442139028034099,2018-02,2018,2018-02-12,216583.58,2141165.8200000003,5.744651999999999
254,2018-02-12,수산물,노르웨이,노르웨이,판매용,어류,연어,연어,냉장,9.883072021335515,2018-02,2018,2018-02-12,216583.58,2141165.8200000003,5.744651999999999
255,2018-02-19,수산물,영국,영국,판매용,어류,연어,연어,냉장,10.02722443559097,2018-02,2018,2018-02-19,3113.0,0.0,8.912473
256,2018-02-19,수산물,노르웨이,노르웨이,자사제품제조용,어류,연어,연어,냉장,10.587123287671233,2018-02,2018,2018-02-19,146360.76,1437219.63,5.694113
257,2018-02-19,수산물,노르웨이,노르웨이,판매용,어류,연어,연어,냉장,10.13367543921408,2018-02,2018,2018-02-19,146360.76,1437219.63,5.694113
258,2018-02-26,수산물,노르웨이,노르웨이,자사제품제조용,어류,연어,연어,냉장,10.65075154730327,2018-02,2018,2018-02-26,181695.01,1919392.16,5.5725274
259,2018-02-26,수산물,노르웨이,노르웨이,판매용,어류,연어,연어,냉장,10.759092922833432,2018-02,2018,2018-02-26,181695.01,1919392.16,5.5725274
260,2018-03-05,수산물,노르웨이,노르웨이,자사제품제조용,어류,연어,연어,냉장,11.469648600836283,2018-03,2018,2018-03-05,188166.82,2060240.8,6.904111
261,2018-03-05,수산물,노르웨이,노르웨이,판매용,어류,연어,연어,냉장,11.238796658158948,2018-03,2018,2018-03-05,188166.82,2060240.8,6.904111
262,2018-03-12,수산물,노르웨이,노르웨이,자사제품제조용,어류,연어,연어,냉장,11.535595214747989,2018-03,2018,2018-03-12,200956.94,2293527.59,6.0068665
263,2018-03-12,수산물,노르웨이,노르웨이,판매용,어류,연어,연어,냉장,11.37490134834909,2018-03,2018,2018-03-12,200956.94,2293527.59,6.0068665
264,2018-03-19,수산물,노르웨이,노르웨이,자사제품제조용,어류,연어,연어,냉장,11.152726465535546,2018-03,2018,2018-03-19,184811.96,2066967.32,5.940946599999999
265,2018-03-19,수산물,노르웨이,노르웨이,판매용,어류,연어,연어,냉장,11.094362718794232,2018-03,2018,2018-03-19,184811.96,2066967.32,5.940946599999999
266,2018-03-26,수산물,노르웨이,노르웨이,자사제품제조용,어류,연어,연어,냉장,11.049184732722509,2018-03,2018,2018-03-26,206099.97999999998,2250970.61,5.397473000000001
267,2018-03-26,수산물,노르웨이,노르웨이,판매용,어류,연어,연어,냉장,11.501210689133888,2018-03,2018,2018-03-26,206099.97999999998,2250970.61,5.397473000000001
268,2018-04-02,수산물,노르웨이,노르웨이,자사제품제조용,어류,연어,연어,냉장,12.52065890860583,2018-04,2018,2018-04-02,152838.86,1889606.98,5.6604204000000005
269,2018-04-02,수산물,노르웨이,노르웨이,판매용,어류,연어,연어,냉장,10.974079565581826,2018-04,2018,2018-04-02,152838.86,1889606.98,5.6604204000000005
270,2018-04-09,수산물,노르웨이,노르웨이,자사제품제조용,어류,연어,연어,냉장,11.871058474642632,2018-04,2018,2018-04-09,165731.82,2024100.9,5.197516
271,2018-04-09,수산물,노르웨이,노르웨이,판매용,어류,연어,연어,냉장,11.947237943864668,2018-04,2018,2018-04-09,165731.82,2024100.9,5.197516
272,2018-04-16,수산물,노르웨이,노르웨이,자사제품제조용,어류,연어,연어,냉장,11.61641997458324,2018-04,2018,2018-04-16,160285.41,1850639.37,5.029786
273,2018-04-16,수산물,노르웨이,노르웨이,판매용,어류,연어,연어,냉장,11.464092138282828,2018-04,2018,2018-04-16,160285.41,1850639.37,5.029786
274,2018-04-23,수산물,노르웨이,노르웨이,자사제품제조용,어류,연어,연어,냉장,11.349482884426257,2018-04,2018,2018-04-23,190258.13999999998,2160380.81,5.642109400000001
275,2018-04-23,수산물,노르웨이,노르웨이,판매용,어류,연어,연어,냉장,11.27521476162693,2018-04,2018,2018-04-23,190258.13999999998,2160380.81,5.642109400000001
276,2018-04-30,수산물,노르웨이,노르웨이,자사제품제조용,어류,연어,연어,냉장,11.6571790451395,2018-04,2018,2018-04-30,203527.6,2276242.93,6.5605946
277,2018-04-30,수산물,노르웨이,노르웨이,판매용,어류,연어,연어,냉장,11.53855285650533,2018-04,2018,2018-04-30,203527.6,2276242.93,6.5605946
278,2018-05-14,수산물,노르웨이,노르웨이,자사제품제조용,어류,연어,연어,냉장,12.661144965781872,2018-05,2018,2018-05-14,175381.25,2216216.99,7.989592999999999
279,2018-05-14,수산물,노르웨이,노르웨이,판매용,어류,연어,연어,냉장,12.668069891139867,2018-05,2018,2018-05-14,175381.25,2216216.99,7.989592999999999
280,2018-05-21,수산물,노르웨이,노르웨이,자사제품제조용,어류,연어,연어,냉장,12.422750424448216,2018-05,2018,2018-05-21,183416.88,2312322.92,9.1871395
281,2018-05-21,수산물,노르웨이,노르웨이,판매용,어류,연어,연어,냉장,12.679351829246693,2018-05,2018,2018-05-21,183416.88,2312322.92,9.1871395
282,2018-05-28,수산물,노르웨이,노르웨이,자사제품제조용,어류,연어,연어,냉장,12.525835718002082,2018-05,2018,2018-05-28,139846.59,1767899.31,9.839747000000001
283,2018-05-28,수산물,노르웨이,노르웨이,판매용,어류,연어,연어,냉장,12.14106711900631,2018-05,2018,2018-05-28,139846.59,1767899.31,9.839747000000001
284,2018-06-04,수산물,노르웨이,노르웨이,자사제품제조용,어류,연어,연어,냉장,11.272795304722186,2018-06,2018,2018-06-04,169283.03,1940159.72,11.007996
285,2018-06-04,수산물,노르웨이,노르웨이,판매용,어류,연어,연어,냉장,10.91251626211209,2018-06,2018,2018-06-04,169283.03,1940159.72,11.007996
286,2018-06-11,수산물,노르웨이,노르웨이,자사제품제조용,어류,연어,연어,냉장,10.670545288999797,2018-06,2018,2018-06-11,164964.0,1685479.67,11.659139
287,2018-06-11,수산물,노르웨이,노르웨이,판매용,어류,연어,연어,냉장,5.7257881310547605,2018-06,2018,2018-06-11,164964.0,1685479.67,11.659139
288,2018-06-11,수산물,영국,영국,판매용,어류,연어,연어,냉장,10.850855857922998,2018-06,2018,2018-06-11,841.0,0.0,12.884518
289,2018-06-18,수산물,영국,영국,판매용,어류,연어,연어,냉장,11.035700567141921,2018-06,2018,2018-06-18,843.0,0.0,14.056429000000001
290,2018-06-18,수산물,노르웨이,노르웨이,자사제품제조용,어류,연어,연어,냉장,10.917588386794662,2018-06,2018,2018-06-18,183538.34,2024479.5399999998,12.792962
291,2018-06-18,수산물,노르웨이,노르웨이,판매용,어류,연어,연어,냉장,10.767640902272209,2018-06,2018,2018-06-18,183538.34,2024479.5399999998,12.792962
292,2018-06-25,수산물,영국,영국,판매용,어류,연어,연어,냉장,10.453964953964954,2018-06,2018,2018-06-25,4082.0,42949.0,14.287881
293,2018-06-25,수산물,노르웨이,노르웨이,자사제품제조용,어류,연어,연어,냉장,10.163478581412138,2018-06,2018,2018-06-25,174764.59000000003,1876402.23,11.908902000000001
294,2018-06-25,수산물,노르웨이,노르웨이,판매용,어류,연어,연어,냉장,10.310571375627905,2018-06,2018,2018-06-25,174764.59000000003,1876402.23,11.908902000000001
295,2018-07-02,수산물,영국,영국,판매용,어류,연어,연어,냉장,10.584870848708487,2018-07,2018,2018-07-02,817.0,0.0,15.043763
296,2018-07-02,수산물,노르웨이,노르웨이,자사제품제조용,어류,연어,연어,냉장,10.06458929165281,2018-07,2018,2018-07-02,154431.69,1507810.28,12.174047
297,2018-07-02,수산물,노르웨이,노르웨이,판매용,어류,연어,연어,냉장,9.956546216969729,2018-07,2018,2018-07-02,154431.69,1507810.28,12.174047
298,2018-07-09,수산물,노르웨이,노르웨이,자사제품제조용,어류,연어,연어,냉장,9.893844540770008,2018-07,2018,2018-07-09,153137.56,1528002.79,12.646474000000001
299,2018-07-09,수산물,노르웨이,노르웨이,판매용,어류,연어,연어,냉장,9.732472222943231,2018-07,2018,2018-07-09,153137.56,1528002.79,12.646474000000001
300,2018-07-16,수산물,노르웨이,노르웨이,자사제품제조용,어류,연어,연어,냉장,9.525202749237495,2018-07,2018,2018-07-16,160397.97,1518813.69,13.341563
301,2018-07-16,수산물,노르웨이,노르웨이,판매용,어류,연어,연어,냉장,9.590925045606195,2018-07,2018,2018-07-16,160397.97,1518813.69,13.341563
302,2018-07-23,수산물,영국,영국,판매용,어류,연어,연어,냉장,10.399746541914958,2018-07,2018,2018-07-23,826.0,0.0,16.157812
303,2018-07-23,수산물,노르웨이,노르웨이,자사제품제조용,어류,연어,연어,냉장,9.407264741882065,2018-07,2018,2018-07-23,154445.24,1485053.53,14.230018
304,2018-07-23,수산물,노르웨이,노르웨이,판매용,어류,연어,연어,냉장,9.66392743716937,2018-07,2018,2018-07-23,154445.24,1485053.53,14.230018
305,2018-07-30,수산물,노르웨이,노르웨이,자사제품제조용,어류,연어,연어,냉장,9.894322061901091,2018-07,2018,2018-07-30,152173.91,1496913.21,16.564318
306,2018-07-30,수산물,노르웨이,노르웨이,판매용,어류,연어,연어,냉장,9.904012727490247,2018-07,2018,2018-07-30,152173.91,1496913.21,16.564318
307,2018-08-06,수산물,노르웨이,노르웨이,자사제품제조용,어류,연어,연어,냉장,9.829158159081437,2018-08,2018,2018-08-06,152328.52,1533243.71,17.238167
308,2018-08-06,수산물,노르웨이,노르웨이,판매용,어류,연어,연어,냉장,10.136784459563486,2018-08,2018,2018-08-06,152328.52,1533243.71,17.238167
309,2018-08-13,수산물,영국,영국,판매용,어류,연어,연어,냉장,10.664183736809434,2018-08,2018,2018-08-13,808.0,0.0,16.480087
310,2018-08-13,수산물,노르웨이,노르웨이,자사제품제조용,어류,연어,연어,냉장,10.365188838089988,2018-08,2018,2018-08-13,158495.87,1609056.8,17.187628
311,2018-08-13,수산물,노르웨이,노르웨이,판매용,어류,연어,연어,냉장,9.956573806946317,2018-08,2018,2018-08-13,158495.87,1609056.8,17.187628
312,2018-08-20,수산물,노르웨이,노르웨이,판매용,어류,연어,연어,냉장,5.447524358433521,2018-08,2018,2018-08-20,457174.20999999996,1514104.4,17.085085
313,2018-08-27,수산물,노르웨이,노르웨이,자사제품제조용,어류,연어,연어,냉장,9.533261260512065,2018-08,2018,2018-08-27,151734.79,1469242.3,16.60973
314,2018-08-27,수산물,노르웨이,노르웨이,판매용,어류,연어,연어,냉장,10.048941906693702,2018-08,2018,2018-08-27,151734.79,1469242.3,16.60973
315,2018-09-03,수산물,노르웨이,노르웨이,자사제품제조용,어류,연어,연어,냉장,10.664495402364498,2018-09,2018,2018-09-03,132854.59000000003,1385146.59,16.340189000000002
316,2018-09-03,수산물,노르웨이,노르웨이,판매용,어류,연어,연어,냉장,10.8712533954137,2018-09,2018,2018-09-03,132854.59000000003,1385146.59,16.340189000000002
317,2018-09-10,수산물,영국,영국,판매용,어류,연어,연어,냉장,10.832543613363198,2018-09,2018,2018-09-10,3100.0,0.0,16.748894
318,2018-09-10,수산물,노르웨이,노르웨이,자사제품제조용,어류,연어,연어,냉장,10.922604441225758,2018-09,2018,2018-09-10,175390.39,1994608.18,15.998871
319,2018-09-10,수산물,노르웨이,노르웨이,판매용,어류,연어,연어,냉장,11.330028818799667,2018-09,2018,2018-09-10,175390.39,1994608.18,15.998871
320,2018-09-17,수산물,영국,영국,판매용,어류,연어,연어,냉장,11.191960623461854,2018-09,2018,2018-09-17,809.0,0.0,16.521103
321,2018-09-17,수산물,노르웨이,노르웨이,자사제품제조용,어류,연어,연어,냉장,11.134711770467524,2018-09,2018,2018-09-17,213727.22,2407648.6,14.634326999999999
322,2018-09-17,수산물,노르웨이,노르웨이,판매용,어류,연어,연어,냉장,10.45535116874299,2018-09,2018,2018-09-17,213727.22,2407648.6,14.634326999999999
323,2018-10-01,수산물,노르웨이,노르웨이,자사제품제조용,어류,연어,연어,냉장,9.873044177484262,2018-10,2018,2018-10-01,188161.33000000002,2131968.9899999998,12.72045
324,2018-10-01,수산물,노르웨이,노르웨이,판매용,어류,연어,연어,냉장,11.23535866910863,2018-10,2018,2018-10-01,188161.33000000002,2131968.9899999998,12.72045
325,2018-10-08,수산물,노르웨이,노르웨이,자사제품제조용,어류,연어,연어,냉장,10.498942066339852,2018-10,2018,2018-10-08,177235.53,1960678.44,11.829799000000001
326,2018-10-08,수산물,노르웨이,노르웨이,판매용,어류,연어,연어,냉장,11.097913455658299,2018-10,2018,2018-10-08,177235.53,1960678.44,11.829799000000001
327,2018-10-15,수산물,영국,영국,판매용,어류,연어,연어,냉장,10.708429771836967,2018-10,2018,2018-10-15,851.05,0.0,14.631397
328,2018-10-15,수산물,호주,호주,자사제품제조용,어류,연어,연어,냉장,9.726440901449033,2018-10,2018,2018-10-15,3326.78,0.0,13.411145000000001
329,2018-10-15,수산물,노르웨이,노르웨이,자사제품제조용,어류,연어,연어,냉장,10.158962750459455,2018-10,2018,2018-10-15,184102.09000000003,2056905.2799999998,11.48555
330,2018-10-15,수산물,노르웨이,노르웨이,판매용,어류,연어,연어,냉장,11.099375039256328,2018-10,2018,2018-10-15,184102.09000000003,2056905.2799999998,11.48555
331,2018-10-22,수산물,호주,호주,자사제품제조용,어류,연어,연어,냉장,9.729174977020067,2018-10,2018,2018-10-22,3319.74,0.0,14.171422
332,2018-10-22,수산물,노르웨이,노르웨이,자사제품제조용,어류,연어,연어,냉장,9.618639925517883,2018-10,2018,2018-10-22,174414.56999999998,1925538.53,10.983825
333,2018-10-22,수산물,노르웨이,노르웨이,판매용,어류,연어,연어,냉장,10.834946238515952,2018-10,2018,2018-10-22,174414.56999999998,1925538.53,10.983825
334,2018-10-29,수산물,호주,호주,자사제품제조용,어류,연어,연어,냉장,9.800001706998051,2018-10,2018,2018-10-29,3496.62,0.0,13.724631
335,2018-10-29,수산물,노르웨이,노르웨이,자사제품제조용,어류,연어,연어,냉장,9.988212022546652,2018-10,2018,2018-10-29,139559.03,1465194.29,10.153966
336,2018-10-29,수산물,노르웨이,노르웨이,판매용,어류,연어,연어,냉장,10.500271861748084,2018-10,2018,2018-10-29,139559.03,1465194.29,10.153966
337,2018-11-05,수산물,노르웨이,노르웨이,자사제품제조용,어류,연어,연어,냉장,9.555237522007507,2018-11,2018,2018-11-05,166125.18,1727463.48,9.518937
338,2018-11-05,수산물,노르웨이,노르웨이,판매용,어류,연어,연어,냉장,10.380472053012365,2018-11,2018,2018-11-05,166125.18,1727463.48,9.518937
339,2018-11-12,수산물,호주,호주,자사제품제조용,어류,연어,연어,냉장,9.566410946559635,2018-11,2018,2018-11-12,3214.24,0.0,14.056429000000001
340,2018-11-12,수산물,노르웨이,노르웨이,자사제품제조용,어류,연어,연어,냉장,9.691427157351434,2018-11,2018,2018-11-12,176530.9,1813834.3,9.924711
341,2018-11-12,수산물,노르웨이,노르웨이,판매용,어류,연어,연어,냉장,10.25413177222972,2018-11,2018,2018-11-12,176530.9,1813834.3,9.924711
342,2018-11-19,수산물,호주,호주,자사제품제조용,어류,연어,연어,냉장,9.899999372026283,2018-11,2018,2018-11-19,3631.31,0.0,14.976378
343,2018-11-19,수산물,영국,영국,판매용,어류,연어,연어,냉장,10.654339447802371,2018-11,2018,2018-11-19,113.66,0.0,13.016358
344,2018-11-19,수산물,노르웨이,노르웨이,자사제품제조용,어류,연어,연어,냉장,9.133534732527737,2018-11,2018,2018-11-19,172552.66999999998,1740431.93,9.732078
345,2018-11-19,수산물,노르웨이,노르웨이,판매용,어류,연어,연어,냉장,9.84140351635847,2018-11,2018,2018-11-19,172552.66999999998,1740431.93,9.732078
346,2018-11-26,수산물,호주,호주,자사제품제조용,어류,연어,연어,냉장,9.784538534234768,2018-11,2018,2018-11-26,3241.11,0.0,15.286202
347,2018-11-26,수산물,노르웨이,노르웨이,자사제품제조용,어류,연어,연어,냉장,8.798345612564521,2018-11,2018,2018-11-26,183084.67,1731602.83,8.8912325
348,2018-11-26,수산물,노르웨이,노르웨이,판매용,어류,연어,연어,냉장,9.602840675947984,2018-11,2018,2018-11-26,183084.67,1731602.83,8.8912325
349,2018-12-03,수산물,호주,호주,자사제품제조용,어류,연어,연어,냉장,9.75235851156331,2018-12,2018,2018-12-03,3505.72,0.0,14.881160999999999
350,2018-12-03,수산물,노르웨이,노르웨이,자사제품제조용,어류,연어,연어,냉장,9.18048558720173,2018-12,2018,2018-12-03,207648.85,1960208.3,8.649526
351,2018-12-03,수산물,노르웨이,노르웨이,판매용,어류,연어,연어,냉장,9.791675397672213,2018-12,2018,2018-12-03,207648.85,1960208.3,8.649526
352,2018-12-10,수산물,호주,호주,자사제품제조용,어류,연어,연어,냉장,9.751943112786634,2018-12,2018,2018-12-10,3143.42,0.0,14.880428
353,2018-12-10,수산물,노르웨이,노르웨이,자사제품제조용,어류,연어,연어,냉장,9.731978389503473,2018-12,2018,2018-12-10,192922.517,1958788.6,8.328714999999999
354,2018-12-10,수산물,노르웨이,노르웨이,판매용,어류,연어,연어,냉장,9.889578916726952,2018-12,2018,2018-12-10,192922.517,1958788.6,8.328714999999999
355,2018-12-17,수산물,호주,호주,자사제품제조용,어류,연어,연어,냉장,9.562494095418044,2018-12,2018,2018-12-17,2134.72,20445.56,17.047731
356,2018-12-17,수산물,노르웨이,노르웨이,자사제품제조용,어류,연어,연어,냉장,9.408773907945553,2018-12,2018,2018-12-17,203462.72,1968756.35,8.057711
357,2018-12-17,수산물,노르웨이,노르웨이,판매용,어류,연어,연어,냉장,9.690256677023296,2018-12,2018,2018-12-17,203462.72,1968756.35,8.057711
358,2018-12-24,수산물,호주,호주,자사제품제조용,어류,연어,연어,냉장,9.504755198888846,2018-12,2018,2018-12-24,3177.29,0.0,17.739891
359,2018-12-24,수산물,영국,영국,판매용,어류,연어,연어,냉장,9.697527872031023,2018-12,2018,2018-12-24,3110.0,0.0,11.363964
360,2018-12-24,수산물,노르웨이,노르웨이,자사제품제조용,어류,연어,연어,냉장,9.715354652429724,2018-12,2018,2018-12-24,231912.03,2292187.8899999997,7.843837
361,2018-12-24,수산물,노르웨이,노르웨이,판매용,어류,연어,연어,냉장,9.812387127984557,2018-12,2018,2018-12-24,231912.03,2292187.8899999997,7.843837
362,2018-12-31,수산물,노르웨이,노르웨이,자사제품제조용,어류,연어,연어,냉장,9.816562490436699,2018-12,2018,2018-12-31,169506.81,1811998.98,7.748619000000001
363,2018-12-31,수산물,노르웨이,노르웨이,판매용,어류,연어,연어,냉장,10.735669394748586,2018-12,2018,2018-12-31,169506.81,1811998.98,7.748619000000001
364,2019-01-07,수산물,호주,호주,자사제품제조용,어류,연어,연어,냉장,9.418882575604064,2019-01,2019,2019-01-07,3026.97,0.0,18.092195999999998
365,2019-01-07,수산물,노르웨이,노르웨이,자사제품제조용,어류,연어,연어,냉장,10.516217691645496,2019-01,2019,2019-01-07,192417.34,2053823.3900000001,7.0615864
366,2019-01-07,수산물,노르웨이,노르웨이,판매용,어류,연어,연어,냉장,10.461802236037379,2019-01,2019,2019-01-07,192417.34,2053823.3900000001,7.0615864
367,2019-01-14,수산물,노르웨이,노르웨이,자사제품제조용,어류,연어,연어,냉장,10.08863045227447,2019-01,2019,2019-01-14,171004.85,1754909.49,6.734184
368,2019-01-14,수산물,노르웨이,노르웨이,판매용,어류,연어,연어,냉장,10.224471871877904,2019-01,2019,2019-01-14,171004.85,1754909.49,6.734184
369,2019-01-21,수산물,노르웨이,노르웨이,자사제품제조용,어류,연어,연어,냉장,9.65846205639185,2019-01,2019,2019-01-21,192611.0,1958169.0,6.3481855000000005
370,2019-01-21,수산물,노르웨이,노르웨이,판매용,어류,연어,연어,냉장,10.005562785683567,2019-01,2019,2019-01-21,192611.0,1958169.0,6.3481855000000005
371,2019-01-28,수산물,노르웨이,노르웨이,자사제품제조용,어류,연어,연어,냉장,8.971556680909426,2019-01,2019,2019-01-28,199322.13,1934155.9000000001,6.356975
372,2019-01-28,수산물,노르웨이,노르웨이,판매용,어류,연어,연어,냉장,9.505885330307521,2019-01,2019,2019-01-28,199322.13,1934155.9000000001,6.356975
373,2019-02-11,수산물,영국,영국,판매용,어류,연어,연어,냉장,10.092256851162016,2019-02,2019,2019-02-11,809.71,0.0,9.801661
374,2019-02-11,수산물,노르웨이,노르웨이,자사제품제조용,어류,연어,연어,냉장,8.968640036465262,2019-02,2019,2019-02-11,165272.31,1506933.0299999998,6.4602494
375,2019-02-11,수산물,노르웨이,노르웨이,판매용,어류,연어,연어,냉장,9.05254455069114,2019-02,2019,2019-02-11,165272.31,1506933.0299999998,6.4602494
376,2019-02-18,수산물,영국,영국,판매용,어류,연어,연어,냉장,9.261512909557602,2019-02,2019,2019-02-18,816.75,0.0,9.856593
377,2019-02-18,수산물,러시아,러시아,외화획득용 원료,어류,연어,연어,냉동,2.887443907383828,2019-02,2019,2019-02-18,860.0,0.0,-0.29068878
378,2019-02-18,수산물,노르웨이,노르웨이,자사제품제조용,어류,연어,연어,냉장,9.42615560080721,2019-02,2019,2019-02-18,209889.21000000002,1896943.58,6.7664113
379,2019-02-18,수산물,노르웨이,노르웨이,판매용,어류,연어,연어,냉장,9.050060582338288,2019-02,2019,2019-02-18,209889.21000000002,1896943.58,6.7664113
380,2019-02-25,수산물,영국,영국,판매용,어류,연어,연어,냉장,10.552321185409744,2019-02,2019,2019-02-25,812.33,0.0,9.934233
381,2019-02-25,수산물,노르웨이,노르웨이,자사제품제조용,어류,연어,연어,냉장,9.609026484234768,2019-02,2019,2019-02-25,243469.37999999998,2216434.02,6.922422
382,2019-02-25,수산물,노르웨이,노르웨이,판매용,어류,연어,연어,냉장,9.474293867457877,2019-02,2019,2019-02-25,243469.37999999998,2216434.02,6.922422
383,2019-03-04,수산물,영국,영국,판매용,어류,연어,연어,냉장,10.728865780858849,2019-03,2019,2019-03-04,1590.0,0.0,10.000885
384,2019-03-04,수산물,노르웨이,노르웨이,자사제품제조용,어류,연어,연어,냉장,10.55926311235631,2019-03,2019,2019-03-04,204968.38,2042439.2,6.923887
385,2019-03-04,수산물,노르웨이,노르웨이,판매용,어류,연어,연어,냉장,10.488738653206259,2019-03,2019,2019-03-04,204968.38,2042439.2,6.923887
386,2019-03-11,수산물,러시아,러시아,외화획득용 원료,어류,연어,연어,냉동,3.4201304164913755,2019-03,2019,2019-03-11,71280.0,0.0,1.380749
387,2019-03-11,수산물,노르웨이,노르웨이,자사제품제조용,어류,연어,연어,냉장,11.165399222829814,2019-03,2019,2019-03-11,189964.42,2117837.1,6.7979064
388,2019-03-11,수산물,노르웨이,노르웨이,판매용,어류,연어,연어,냉장,11.044136716780317,2019-03,2019,2019-03-11,189964.42,2117837.1,6.7979064
389,2019-03-18,수산물,영국,영국,판매용,어류,연어,연어,냉장,11.106456390410045,2019-03,2019,2019-03-18,831.01,0.0,9.643453
390,2019-03-18,수산물,노르웨이,노르웨이,자사제품제조용,어류,연어,연어,냉장,11.024075052689822,2019-03,2019,2019-03-18,183084.32,2110746.45,6.700491400000001
391,2019-03-18,수산물,노르웨이,노르웨이,판매용,어류,연어,연어,냉장,10.989084664233086,2019-03,2019,2019-03-18,183084.32,2110746.45,6.700491400000001
392,2019-03-25,수산물,영국,영국,판매용,어류,연어,연어,냉장,10.854248564879613,2019-03,2019,2019-03-25,823.52,0.0,9.7005825
393,2019-03-25,수산물,노르웨이,노르웨이,자사제품제조용,어류,연어,연어,냉장,11.279223029580736,2019-03,2019,2019-03-25,184846.68999999997,1962503.97,6.797174000000001
394,2019-03-25,수산물,노르웨이,노르웨이,판매용,어류,연어,연어,냉장,10.445772604419176,2019-03,2019,2019-03-25,184846.68999999997,1962503.97,6.797174000000001
395,2019-04-01,수산물,노르웨이,노르웨이,자사제품제조용,어류,연어,연어,냉장,10.454733640319379,2019-04,2019,2019-04-01,168756.57,1730949.6099999999,6.584764999999999
396,2019-04-01,수산물,노르웨이,노르웨이,판매용,어류,연어,연어,냉장,10.41807782725655,2019-04,2019,2019-04-01,168756.57,1730949.6099999999,6.584764999999999
397,2019-04-08,수산물,노르웨이,노르웨이,자사제품제조용,어류,연어,연어,냉장,10.505497854712235,2019-04,2019,2019-04-08,195999.21000000002,2058564.34,7.1099277
398,2019-04-08,수산물,노르웨이,노르웨이,판매용,어류,연어,연어,냉장,10.386370522395435,2019-04,2019,2019-04-08,195999.21000000002,2058564.34,7.1099277
399,2019-04-15,수산물,영국,영국,판매용,어류,연어,연어,냉장,10.075722691225378,2019-04,2019,2019-04-15,3089.0,0.0,9.942289
400,2019-04-15,수산물,노르웨이,노르웨이,자사제품제조용,어류,연어,연어,냉장,10.65729466143455,2019-04,2019,2019-04-15,195564.12000000002,2010727.29,7.170720599999999
401,2019-04-15,수산물,노르웨이,노르웨이,판매용,어류,연어,연어,냉장,10.715493660841783,2019-04,2019,2019-04-15,195564.12000000002,2010727.29,7.170720599999999
402,2019-04-22,수산물,노르웨이,노르웨이,자사제품제조용,어류,연어,연어,냉장,11.655597656304886,2019-04,2019,2019-04-22,184782.19,2104601.0,7.525223700000001
403,2019-04-22,수산물,노르웨이,노르웨이,판매용,어류,연어,연어,냉장,11.514788189030558,2019-04,2019,2019-04-22,184782.19,2104601.0,7.525223700000001
404,2019-04-22,수산물,영국,영국,판매용,어류,연어,연어,냉장,10.39377932860065,2019-04,2019,2019-04-22,6508.9,67347.0,10.376629
405,2019-04-29,수산물,영국,영국,판매용,어류,연어,연어,냉장,10.588872122089535,2019-04,2019,2019-04-29,3096.47,0.0,10.289468
406,2019-04-29,수산물,노르웨이,노르웨이,자사제품제조용,어류,연어,연어,냉장,11.264284294480115,2019-04,2019,2019-04-29,183039.15,2128565.48,8.223975
407,2019-04-29,수산물,노르웨이,노르웨이,판매용,어류,연어,연어,냉장,11.099608182028105,2019-04,2019,2019-04-29,183039.15,2128565.48,8.223975
408,2019-05-13,수산물,영국,영국,판매용,어류,연어,연어,냉장,10.34559668434976,2019-05,2019,2019-05-13,6263.98,64518.0,11.043153
409,2019-05-13,수산물,노르웨이,노르웨이,자사제품제조용,어류,연어,연어,냉장,10.604413745966443,2019-05,2019,2019-05-13,240498.5,2576422.46,8.387310000000001
410,2019-05-13,수산물,노르웨이,노르웨이,판매용,어류,연어,연어,냉장,10.958501858901498,2019-05,2019,2019-05-13,240498.5,2576422.46,8.387310000000001
411,2019-05-20,수산물,영국,영국,판매용,어류,연어,연어,냉장,10.552591763690161,2019-05,2019,2019-05-20,3954.04,41600.39,11.519242
412,2019-05-20,수산물,노르웨이,노르웨이,자사제품제조용,어류,연어,연어,냉장,10.048791134529163,2019-05,2019,2019-05-20,194401.28,2161207.67,8.941038
413,2019-05-20,수산물,노르웨이,노르웨이,판매용,어류,연어,연어,냉장,10.730988855708238,2019-05,2019,2019-05-20,194401.28,2161207.67,8.941038
414,2019-05-27,수산물,노르웨이,노르웨이,자사제품제조용,어류,연어,연어,냉장,9.571213483571949,2019-05,2019,2019-05-27,185597.38999999998,1876299.75,10.110752
415,2019-05-27,수산물,노르웨이,노르웨이,판매용,어류,연어,연어,냉장,9.987006377329664,2019-05,2019,2019-05-27,185597.38999999998,1876299.75,10.110752
416,2019-06-03,수산물,영국,영국,판매용,어류,연어,연어,냉장,10.116376016471728,2019-06,2019,2019-06-03,3127.87,0.0,12.859615
417,2019-06-03,수산물,노르웨이,노르웨이,자사제품제조용,어류,연어,연어,냉장,9.71631025168508,2019-06,2019,2019-06-03,187388.52000000002,1850262.4,10.372233999999999
418,2019-06-03,수산물,노르웨이,노르웨이,판매용,어류,연어,연어,냉장,10.005306435380996,2019-06,2019,2019-06-03,187388.52000000002,1850262.4,10.372233999999999
419,2019-06-10,수산물,영국,영국,판매용,어류,연어,연어,냉장,10.119435508856311,2019-06,2019,2019-06-10,7866.51,79283.1,12.910153
420,2019-06-10,수산물,노르웨이,노르웨이,자사제품제조용,어류,연어,연어,냉장,9.659842345821145,2019-06,2019,2019-06-10,211515.46,2142801.87,11.440138000000001
421,2019-06-10,수산물,노르웨이,노르웨이,판매용,어류,연어,연어,냉장,10.486678063447629,2019-06,2019,2019-06-10,211515.46,2142801.87,11.440138000000001
422,2019-06-17,수산물,영국,영국,판매용,어류,연어,연어,냉장,10.772321451334111,2019-06,2019,2019-06-17,3104.46,0.0,13.121098000000002
423,2019-06-17,수산물,노르웨이,노르웨이,자사제품제조용,어류,연어,연어,냉장,10.246839687589022,2019-06,2019,2019-06-17,167663.36000000002,1838989.82,11.960174
424,2019-06-17,수산물,노르웨이,노르웨이,판매용,어류,연어,연어,냉장,10.528162916096434,2019-06,2019,2019-06-17,167663.36000000002,1838989.82,11.960174
425,2019-06-24,수산물,영국,영국,판매용,어류,연어,연어,냉장,9.883041857747086,2019-06,2019,2019-06-24,3096.78,0.0,13.443373000000001
426,2019-06-24,수산물,노르웨이,노르웨이,자사제품제조용,어류,연어,연어,냉장,9.744152800478943,2019-06,2019,2019-06-24,169775.38,1711063.52,12.438459
427,2019-06-24,수산물,노르웨이,노르웨이,판매용,어류,연어,연어,냉장,9.873246761728184,2019-06,2019,2019-06-24,169775.38,1711063.52,12.438459
428,2019-07-01,수산물,영국,영국,판매용,어류,연어,연어,냉장,10.002900907539397,2019-07,2019,2019-07-01,3895.66,38732.3,14.063020999999999
429,2019-07-01,수산물,노르웨이,노르웨이,자사제품제조용,어류,연어,연어,냉장,9.54994214165631,2019-07,2019,2019-07-01,136246.32,1292006.36,13.590594
430,2019-07-01,수산물,노르웨이,노르웨이,판매용,어류,연어,연어,냉장,9.610052308555964,2019-07,2019,2019-07-01,136246.32,1292006.36,13.590594
431,2019-07-08,수산물,영국,영국,판매용,어류,연어,연어,냉장,9.799325196552418,2019-07,2019,2019-07-08,10247.44,98333.47,14.777885999999999
432,2019-07-08,수산물,노르웨이,노르웨이,자사제품제조용,어류,연어,연어,냉장,10.081165005577938,2019-07,2019,2019-07-08,159673.012,1514953.98,13.099855999999999
433,2019-07-08,수산물,노르웨이,노르웨이,판매용,어류,연어,연어,냉장,10.01190594705728,2019-07,2019,2019-07-08,159673.012,1514953.98,13.099855999999999
434,2019-07-15,수산물,영국,영국,판매용,어류,연어,연어,냉장,9.740873874063032,2019-07,2019,2019-07-15,833.16,0.0,15.277413000000001
435,2019-07-15,수산물,노르웨이,노르웨이,자사제품제조용,어류,연어,연어,냉장,9.95711959346507,2019-07,2019,2019-07-15,177521.02000000002,1866389.47,12.795892
436,2019-07-15,수산물,노르웨이,노르웨이,판매용,어류,연어,연어,냉장,10.069633498804043,2019-07,2019,2019-07-15,177521.02000000002,1866389.47,12.795892
437,2019-07-22,수산물,영국,영국,판매용,어류,연어,연어,냉장,9.43560071327736,2019-07,2019,2019-07-22,4720.55,43884.0,16.35191
438,2019-07-22,수산물,노르웨이,노르웨이,자사제품제조용,어류,연어,연어,냉장,9.406974599133152,2019-07,2019,2019-07-22,167720.95,1592997.52,13.800073999999999
439,2019-07-22,수산물,노르웨이,노르웨이,판매용,어류,연어,연어,냉장,9.628546280720798,2019-07,2019,2019-07-22,167720.95,1592997.52,13.800073999999999
440,2019-07-29,수산물,노르웨이,노르웨이,자사제품제조용,어류,연어,연어,냉장,9.655590997091709,2019-07,2019,2019-07-29,148473.79,1438338.83,14.377239000000001
441,2019-07-29,수산물,노르웨이,노르웨이,판매용,어류,연어,연어,냉장,9.698902828582499,2019-07,2019,2019-07-29,148473.79,1438338.83,14.377239000000001
442,2019-07-29,수산물,영국,영국,판매용,어류,연어,연어,냉장,9.591144051072026,2019-07,2019,2019-07-29,7054.39,66896.81,16.75402
443,2019-08-05,수산물,영국,영국,판매용,어류,연어,연어,냉장,9.544714799066078,2019-08,2019,2019-08-05,844.48,0.0,17.047731
444,2019-08-05,수산물,노르웨이,노르웨이,자사제품제조용,어류,연어,연어,냉장,9.345664719993707,2019-08,2019,2019-08-05,199227.22999999998,1943302.53,14.511276
445,2019-08-05,수산물,노르웨이,노르웨이,판매용,어류,연어,연어,냉장,9.792012335615356,2019-08,2019,2019-08-05,199227.22999999998,1943302.53,14.511276
446,2019-08-12,수산물,영국,영국,판매용,어류,연어,연어,냉장,9.745543133178865,2019-08,2019,2019-08-12,6174.16,59890.0,16.879269
447,2019-08-12,수산물,노르웨이,노르웨이,자사제품제조용,어류,연어,연어,냉장,9.638470899326471,2019-08,2019,2019-08-12,198439.35,1944852.45,16.272072
448,2019-08-12,수산물,노르웨이,노르웨이,판매용,어류,연어,연어,냉장,9.923409369789567,2019-08,2019,2019-08-12,198439.35,1944852.45,16.272072
449,2019-08-19,수산물,영국,영국,판매용,어류,연어,연어,냉장,9.633770579196872,2019-08,2019,2019-08-19,4802.28,47711.2,16.56505
450,2019-08-19,수산물,노르웨이,노르웨이,자사제품제조용,어류,연어,연어,냉장,8.608651927410692,2019-08,2019,2019-08-19,173161.13999999998,1733796.9,15.992279000000002
451,2019-08-19,수산물,노르웨이,노르웨이,판매용,어류,연어,연어,냉장,9.85073226765571,2019-08,2019,2019-08-19,173161.13999999998,1733796.9,15.992279000000002
452,2019-08-26,수산물,영국,영국,판매용,어류,연어,연어,냉장,9.398845177208848,2019-08,2019,2019-08-26,3906.73,36347.0,16.912229999999997
453,2019-08-26,수산물,노르웨이,노르웨이,자사제품제조용,어류,연어,연어,냉장,9.25818156999693,2019-08,2019,2019-08-26,157221.41999999998,1504764.67,15.602618
454,2019-08-26,수산물,노르웨이,노르웨이,판매용,어류,연어,연어,냉장,9.729780455984036,2019-08,2019,2019-08-26,157221.41999999998,1504764.67,15.602618
455,2019-09-02,수산물,노르웨이,노르웨이,자사제품제조용,어류,연어,연어,냉장,8.460852005547489,2019-09,2019,2019-09-02,162266.15,1586630.17,16.045015
456,2019-09-02,수산물,노르웨이,노르웨이,판매용,어류,연어,연어,냉장,9.941680973848497,2019-09,2019,2019-09-02,162266.15,1586630.17,16.045015
457,2019-09-02,수산물,영국,영국,판매용,어류,연어,연어,냉장,9.390152199376242,2019-09,2019,2019-09-02,4901.6,46790.83,17.071169
458,2019-09-09,수산물,노르웨이,노르웨이,자사제품제조용,어류,연어,연어,냉장,8.251065713312904,2019-09,2019,2019-09-09,191392.47,1890501.06,15.021057999999998
459,2019-09-09,수산물,노르웨이,노르웨이,판매용,어류,연어,연어,냉장,9.875480001128942,2019-09,2019,2019-09-09,191392.47,1890501.06,15.021057999999998
460,2019-09-09,수산물,영국,영국,판매용,어류,연어,연어,냉장,9.500195414530328,2019-09,2019,2019-09-09,7240.38,68785.52,16.567247000000002
461,2019-09-16,수산물,영국,영국,판매용,어류,연어,연어,냉장,9.42424741555562,2019-09,2019,2019-09-16,4761.28,44904.96,16.642689
462,2019-09-16,수산물,노르웨이,노르웨이,자사제품제조용,어류,연어,연어,냉장,8.254494035557592,2019-09,2019,2019-09-16,177460.51,1727445.94,14.189733499999999
463,2019-09-16,수산물,노르웨이,노르웨이,판매용,어류,연어,연어,냉장,9.4098186462416,2019-09,2019,2019-09-16,177460.51,1727445.94,14.189733499999999
464,2019-09-23,수산물,노르웨이,노르웨이,자사제품제조용,어류,연어,연어,냉장,7.88868306404583,2019-09,2019,2019-09-23,193646.58000000002,1728342.82,13.411145000000001
465,2019-09-23,수산물,노르웨이,노르웨이,판매용,어류,연어,연어,냉장,8.68391390956651,2019-09,2019,2019-09-23,193646.58000000002,1728342.82,13.411145000000001
466,2019-09-23,수산물,영국,영국,판매용,어류,연어,연어,냉장,8.767152265355525,2019-09,2019,2019-09-23,3081.07,0.0,16.550402
467,2019-09-30,수산물,영국,영국,판매용,어류,연어,연어,냉장,8.484442546543983,2019-09,2019,2019-09-30,4795.11,41505.8,16.097752
468,2019-09-30,수산물,노르웨이,노르웨이,자사제품제조용,어류,연어,연어,냉장,7.446152168526244,2019-09,2019,2019-09-30,266705.32,2217268.0300000003,13.477065
469,2019-09-30,수산물,노르웨이,노르웨이,판매용,어류,연어,연어,냉장,8.29513970861937,2019-09,2019,2019-09-30,266705.32,2217268.0300000003,13.477065
470,2019-10-07,수산물,노르웨이,노르웨이,자사제품제조용,어류,연어,연어,냉장,7.287392236450439,2019-10,2019,2019-10-07,209483.52000000002,1694173.6300000001,12.925535
471,2019-10-07,수산물,노르웨이,노르웨이,판매용,어류,연어,연어,냉장,8.476936647356101,2019-10,2019,2019-10-07,209483.52000000002,1694173.6300000001,12.925535
472,2019-10-14,수산물,영국,영국,판매용,어류,연어,연어,냉장,8.921048331049642,2019-10,2019,2019-10-14,3084.3,0.0,15.05768
473,2019-10-14,수산물,노르웨이,노르웨이,자사제품제조용,어류,연어,연어,냉장,8.54779570285165,2019-10,2019,2019-10-14,264560.89,2334288.27,12.292703
474,2019-10-14,수산물,노르웨이,노르웨이,판매용,어류,연어,연어,냉장,8.829824908613027,2019-10,2019,2019-10-14,264560.89,2334288.27,12.292703
475,2019-10-21,수산물,영국,영국,판매용,어류,연어,연어,냉장,9.039376235025733,2019-10,2019,2019-10-21,4985.48,43347.44,14.599901999999998
476,2019-10-21,수산물,노르웨이,노르웨이,자사제품제조용,어류,연어,연어,냉장,8.484155196580804,2019-10,2019,2019-10-21,260376.65,2274256.71,12.183569
477,2019-10-21,수산물,노르웨이,노르웨이,판매용,어류,연어,연어,냉장,8.514931876284798,2019-10,2019,2019-10-21,260376.65,2274256.71,12.183569
478,2019-10-28,수산물,노르웨이,노르웨이,자사제품제조용,어류,연어,연어,냉장,8.02820409788633,2019-10,2019,2019-10-28,189327.58000000002,1548927.27,11.228461
479,2019-10-28,수산물,노르웨이,노르웨이,판매용,어류,연어,연어,냉장,8.122123854854047,2019-10,2019,2019-10-28,189327.58000000002,1548927.27,11.228461
480,2019-11-04,수산물,노르웨이,노르웨이,자사제품제조용,어류,연어,연어,냉장,8.196823628337187,2019-11,2019,2019-11-04,220300.6,1653750.0,12.453109
481,2019-11-04,수산물,노르웨이,노르웨이,판매용,어류,연어,연어,냉장,7.92703125891501,2019-11,2019,2019-11-04,220300.6,1653750.0,12.453109
482,2019-11-11,수산물,영국,영국,판매용,어류,연어,연어,냉장,8.862892096241048,2019-11,2019,2019-11-11,3084.61,0.0,13.329112
483,2019-11-11,수산물,노르웨이,노르웨이,자사제품제조용,어류,연어,연어,냉장,8.366925374006119,2019-11,2019,2019-11-11,252303.283,2112045.25,11.772668
484,2019-11-11,수산물,노르웨이,노르웨이,판매용,어류,연어,연어,냉장,8.569926859110538,2019-11,2019,2019-11-11,252303.283,2112045.25,11.772668
485,2019-11-18,수산물,캐나다,캐나다,판매용,어류,연어,연어,냉장,8.54894243832678,2019-11,2019,2019-11-18,1784.69,0.0,10.375896000000001
486,2019-11-18,수산물,영국,영국,판매용,어류,연어,연어,냉장,9.57907396271798,2019-11,2019,2019-11-18,837.0,0.0,12.636219
487,2019-11-18,수산물,노르웨이,노르웨이,자사제품제조용,어류,연어,연어,냉장,9.218083688298671,2019-11,2019,2019-11-18,215695.54,1888224.29,11.415235000000001
488,2019-11-18,수산물,노르웨이,노르웨이,판매용,어류,연어,연어,냉장,8.98485937114741,2019-11,2019,2019-11-18,215695.54,1888224.29,11.415235000000001
489,2019-11-25,수산물,캐나다,캐나다,판매용,어류,연어,연어,냉장,8.808210611538408,2019-11,2019,2019-11-25,1717.46,0.0,9.6866665
490,2019-11-25,수산물,영국,영국,판매용,어류,연어,연어,냉장,10.426586102719034,2019-11,2019,2019-11-25,817.0,0.0,12.348369
491,2019-11-25,수산물,노르웨이,노르웨이,자사제품제조용,어류,연어,연어,냉장,9.453768815229354,2019-11,2019,2019-11-25,206568.252,1880233.65,10.780206
492,2019-11-25,수산물,노르웨이,노르웨이,판매용,어류,연어,연어,냉장,9.31021457306038,2019-11,2019,2019-11-25,206568.252,1880233.65,10.780206
493,2019-12-02,수산물,캐나다,캐나다,판매용,어류,연어,연어,냉장,9.100077642924278,2019-12,2019,2019-12-02,855.84,0.0,8.778436
494,2019-12-02,수산물,노르웨이,노르웨이,자사제품제조용,어류,연어,연어,냉장,9.831968048726981,2019-12,2019,2019-12-02,183772.37,1753025.14,9.545304
495,2019-12-02,수산물,노르웨이,노르웨이,판매용,어류,연어,연어,냉장,9.62022297191742,2019-12,2019,2019-12-02,183772.37,1753025.14,9.545304
496,2019-12-09,수산물,캐나다,캐나다,판매용,어류,연어,연어,냉장,9.549010281463804,2019-12,2019,2019-12-09,1865.89,0.0,8.560167
497,2019-12-09,수산물,노르웨이,노르웨이,자사제품제조용,어류,연어,연어,냉장,10.326259172461485,2019-12,2019,2019-12-09,186876.24,1802182.6700000002,8.94763
498,2019-12-09,수산물,노르웨이,노르웨이,판매용,어류,연어,연어,냉장,9.880908505913755,2019-12,2019,2019-12-09,186876.24,1802182.6700000002,8.94763
499,2019-12-16,수산물,영국,영국,판매용,어류,연어,연어,냉장,13.034587378640778,2019-12,2019,2019-12-16,829.0,0.0,10.940611
500,2019-12-16,수산물,캐나다,캐나다,판매용,어류,연어,연어,냉장,11.167009574326622,2019-12,2019,2019-12-16,1984.19,0.0,8.306742
501,2019-12-16,수산물,노르웨이,노르웨이,자사제품제조용,어류,연어,연어,냉장,11.484022578495551,2019-12,2019,2019-12-16,178245.56,1806847.95,8.445905999999999
502,2019-12-16,수산물,노르웨이,노르웨이,판매용,어류,연어,연어,냉장,11.05676907649566,2019-12,2019,2019-12-16,178245.56,1806847.95,8.445905999999999
503,2019-12-23,수산물,아이슬란드,아이슬란드,판매용,어류,연어,연어,냉장,12.156854411023161,2019-12,2019,2019-12-23,4152.01,50235.0,6.804498700000001
504,2019-12-23,수산물,노르웨이,노르웨이,자사제품제조용,어류,연어,연어,냉장,10.66391286224828,2019-12,2019,2019-12-23,253914.59,3056029.1,8.35435
505,2019-12-23,수산물,노르웨이,노르웨이,판매용,어류,연어,연어,냉장,12.32674734520532,2019-12,2019,2019-12-23,253914.59,3056029.1,8.35435
506,2019-12-23,수산물,캐나다,캐나다,판매용,어류,연어,연어,냉장,12.814745581226612,2019-12,2019,2019-12-23,11072.12,133812.74,7.5413375
507,2019-12-30,수산물,아이슬란드,아이슬란드,판매용,어류,연어,연어,냉장,12.277996701426598,2019-12,2019,2019-12-30,4189.69,51441.0,6.691702
508,2019-12-30,수산물,캐나다,캐나다,판매용,어류,연어,연어,냉장,13.562199272642465,2019-12,2019,2019-12-30,1715.94,0.0,6.291055
509,2019-12-30,수산물,노르웨이,노르웨이,자사제품제조용,어류,연어,연어,냉장,11.128268668905061,2019-12,2019,2019-12-30,147540.04,1891366.65,8.038667
510,2019-12-30,수산물,노르웨이,노르웨이,판매용,어류,연어,연어,냉장,13.205674696861811,2019-12,2019,2019-12-30,147540.04,1891366.65,8.038667
